-- phpMyAdmin SQL Dump
-- version 4.0.8
-- http://www.phpmyadmin.net
--
-- โฮสต์: localhost
-- เวลาในการสร้าง: 04 ก.ค. 2017  12:27น.
-- เวอร์ชั่นของเซิร์ฟเวอร์: 5.1.73-log
-- รุ่นของ PHP: 5.4.45

SET SQL_MODE = "NO_AUTO_VALUE_ON_ZERO";
SET time_zone = "+00:00";


/*!40101 SET @OLD_CHARACTER_SET_CLIENT=@@CHARACTER_SET_CLIENT */;
/*!40101 SET @OLD_CHARACTER_SET_RESULTS=@@CHARACTER_SET_RESULTS */;
/*!40101 SET @OLD_COLLATION_CONNECTION=@@COLLATION_CONNECTION */;
/*!40101 SET NAMES utf8 */;

--
-- ฐานข้อมูล: `acc_app`
--

-- --------------------------------------------------------

--
-- โครงสร้างตาราง `rp_category`
--

CREATE TABLE IF NOT EXISTS `rp_category` (
  `id` int(11) NOT NULL AUTO_INCREMENT,
  `group_id` tinyint(4) NOT NULL,
  `topic` varchar(128) CHARACTER SET utf8 NOT NULL,
  `color` varchar(16) CHARACTER SET utf8 NOT NULL,
  `published` tinyint(1) NOT NULL,
  PRIMARY KEY (`id`)
) ENGINE=InnoDB  DEFAULT CHARSET=utf8 COLLATE=utf8_unicode_ci AUTO_INCREMENT=19 ;

--
-- dump ตาราง `rp_category`
--

INSERT INTO `rp_category` (`id`, `group_id`, `topic`, `color`, `published`) VALUES
(1, 1, 'แจ้งซ่อม', '#660000', 1),
(2, 1, 'กำลังดำเนินการ', '#120eeb', 1),
(3, 1, 'รออะไหล่', '#d940ff', 1),
(4, 1, 'ซ่อมสำเร็จ', '#06d628', 1),
(5, 1, 'ซ่อมไม่สำเร็จ', '#FF0000', 1),
(6, 1, 'เปลี่ยนสินค้าชิ้นใหม่', '#ff6969', 1),
(7, 1, 'ยกเลิกการซ่อม', '#FF6600', 1),
(8, 1, 'ชำระเงิน', '#006600', 1),
(9, 1, 'ส่งมอบสินค้าคืนลูกค้าเรียบร้อย', '#2A2A2A', 1);

-- --------------------------------------------------------

--
-- โครงสร้างตาราง `rp_inventory`
--

CREATE TABLE IF NOT EXISTS `rp_inventory` (
  `id` int(11) NOT NULL AUTO_INCREMENT,
  `equipment` varchar(64) COLLATE utf8_unicode_ci NOT NULL,
  `serial` varchar(20) COLLATE utf8_unicode_ci NOT NULL,
  `create_date` int(11) NOT NULL,
  PRIMARY KEY (`id`)
) ENGINE=InnoDB  DEFAULT CHARSET=utf8 COLLATE=utf8_unicode_ci AUTO_INCREMENT=113 ;

--
-- dump ตาราง `rp_inventory`
--

INSERT INTO `rp_inventory` (`id`, `equipment`, `serial`, `create_date`) VALUES
(1, 'เครื่องโทรศัพท์ ASUS Zen Phone', '0000142', 1498920429),
(7, 'โทรศัพท์ HUAWEI', 'P-10', 1498984960),
(8, 'เครื่องดาวเทียม', 'GMM', 1499048487),
(9, 'รถกระบะมิตซูบิชิ', 'บข 1234', 1499050000),
(10, 'ปริ้นเตอร์', '156kiu999', 1499068253),
(11, 'เครื่องดาวเทียม', 'PSI', 1499091612),
(12, 'ทีวี SAMSUNG', 'su 1200', 1499123339),
(13, 'Mikes Hard Lemonade', '825-56-0752', 0),
(14, 'Wine - Semi Dry Riesling Vineland', '826-20-7743', 0),
(15, 'Piping Jelly - All Colours', '942-97-2459', 0),
(16, 'Bagelers', '786-09-9965', 0),
(17, 'Truffle Shells - White Chocolate', '589-30-2153', 0),
(18, 'Salmon - Sockeye Raw', '523-15-9804', 0),
(19, 'Mustard - Dijon', '952-57-6255', 0),
(20, 'Smoked Tongue', '289-50-3672', 0),
(21, 'Gooseberry', '262-64-0900', 0),
(22, 'Straws - Cocktale', '601-74-4672', 0),
(23, 'Beer - Sleeman Fine Porter', '934-91-5982', 0),
(24, 'Roe - Lump Fish, Red', '548-06-4804', 0),
(25, 'Beef Tenderloin Aaa', '672-69-5271', 0),
(26, 'Tobasco Sauce', '450-11-2882', 0),
(27, 'Turkey - Breast, Double', '809-09-0988', 0),
(28, 'Pork - Tenderloin, Frozen', '956-61-5902', 0),
(29, 'Jicama', '579-81-9606', 0),
(30, 'Lid - Translucent, 3.5 And 6 Oz', '800-39-0956', 0),
(31, 'Chocolate - Pistoles, Lactee, Milk', '941-83-5376', 0),
(32, 'Canadian Emmenthal', '396-65-5160', 0),
(33, 'Fib N9 - Prague Powder', '122-05-3561', 0),
(34, 'Foam Tray S2', '723-36-3161', 0),
(35, 'Chilli Paste, Sambal Oelek', '488-95-4429', 0),
(36, 'Sponge Cake Mix - Chocolate', '244-85-7609', 0),
(37, 'Wine - Zonnebloem Pinotage', '323-53-5162', 0),
(38, 'Cheese - Cheddar, Old White', '949-47-7140', 0),
(39, 'Lettuce - Romaine, Heart', '319-22-1232', 0),
(40, 'Wine - Prosecco Valdobiaddene', '605-60-7445', 0),
(41, 'Snapple Raspberry Tea', '284-61-1620', 0),
(42, 'Wine - Sherry Dry Sack, William', '526-91-0581', 0),
(43, 'Veal - Inside, Choice', '728-34-2475', 0),
(44, 'Bread - Rye', '702-80-6433', 0),
(45, 'Cheese Cloth No 100', '450-89-0028', 0),
(46, 'Cheese - Cambozola', '374-44-3383', 0),
(47, 'Lemonade - Mandarin, 591 Ml', '257-35-8748', 0),
(48, 'Flower - Daisies', '932-14-3473', 0),
(49, 'Yams', '328-62-4855', 0),
(50, 'Beef Wellington', '484-41-6504', 0),
(51, 'Syrup - Monin - Granny Smith', '813-59-6231', 0),
(52, 'Lamb - Leg, Diced', '439-16-7521', 0),
(53, 'Evaporated Milk - Skim', '375-84-9798', 0),
(54, 'Coffee Caramel Biscotti', '770-62-4784', 0),
(55, 'Beer - Sleemans Cream Ale', '399-42-0745', 0),
(56, 'Scallops - 10/20', '482-17-1298', 0),
(57, 'Longos - Grilled Veg Sandwiches', '803-13-5279', 0),
(58, 'Cardamon Ground', '204-50-9728', 0),
(59, 'Sobe - Berry Energy', '355-47-3446', 0),
(60, 'Bread - Sour Sticks With Onion', '524-90-5288', 0),
(61, 'Cheese - Shred Cheddar / Mozza', '660-06-2326', 0),
(62, 'Wine - Masi Valpolocell', '477-47-6617', 0),
(63, 'Tia Maria', '864-53-6444', 0),
(64, 'Seaweed Green Sheets', '259-01-7826', 0),
(65, 'Shrimp - Black Tiger 26/30', '997-42-4429', 0),
(66, 'Bread Crumbs - Japanese Style', '874-48-0849', 0),
(67, 'Silicone Paper 16.5x24', '613-65-0209', 0),
(68, 'Lid - 0090 Clear', '466-99-6593', 0),
(69, 'Ice Cream Bar - Rolo Cone', '521-06-2566', 0),
(70, 'Tarragon - Fresh', '488-78-5069', 0),
(71, 'Gatorade - Orange', '754-42-6793', 0),
(72, 'Onions - Cippolini', '466-59-0105', 0),
(73, 'Chocolate Bar - Reese Pieces', '678-12-0624', 0),
(74, 'Wine - Casillero Del Diablo', '889-09-7480', 0),
(75, 'Glaze - Clear', '812-47-1391', 0),
(76, 'Garlic Powder', '547-94-6557', 0),
(77, 'Sauce - Apple, Unsweetened', '119-82-2760', 0),
(78, 'Longos - Grilled Veg Sandwiches', '107-02-6862', 0),
(79, 'Salmon - Fillets', '414-61-1077', 0),
(80, 'Container - Clear 16 Oz', '418-84-4657', 0),
(81, 'Chocolate - Semi Sweet', '297-22-7117', 0),
(82, 'Pasta - Fusili, Dry', '472-38-6679', 0),
(83, 'Trueblue - Blueberry Cranberry', '346-37-1786', 0),
(84, 'Plate Foam Laminated 9in Blk', '699-75-2742', 0),
(85, 'The Pop Shoppe Pinapple', '490-86-3387', 0),
(86, 'Juice Peach Nectar', '151-79-6553', 0),
(87, 'Crawfish', '391-09-6870', 0),
(88, 'Carbonated Water - Peach', '353-49-8522', 0),
(89, 'Lemonade - Pineapple Passion', '209-93-5163', 0),
(90, 'Fish - Artic Char, Cold Smoked', '892-42-2797', 0),
(91, 'Beef - Flank Steak', '311-15-6821', 0),
(92, 'Rum - Mount Gay Eclipes', '818-54-3525', 0),
(93, 'Clams - Littleneck, Whole', '273-35-4093', 0),
(94, 'Roe - White Fish', '470-27-0946', 0),
(95, 'Bacon Strip Precooked', '134-52-8274', 0),
(96, 'Nut - Cashews, Whole, Raw', '850-40-3618', 0),
(97, 'Soup - Campbells Chili', '772-61-4294', 0),
(98, 'Syrup - Chocolate', '514-63-2069', 0),
(99, 'Pepper - Cayenne', '462-75-2516', 0),
(100, 'Turkey - Oven Roast Breast', '691-28-4109', 0),
(101, 'Gelatine Leaves - Envelopes', '829-11-4107', 0),
(102, 'Energy Drink Bawls', '797-85-7660', 0),
(103, 'Parsley Italian - Fresh', '154-24-7619', 0),
(104, 'Energy - Boo - Koo', '946-60-8188', 0),
(105, 'Island Oasis - Cappucino Mix', '961-32-4641', 0),
(106, 'Wine - Black Tower Qr', '551-71-4035', 0),
(107, 'Glass - Wine, Plastic, Clear 5 Oz', '198-82-2777', 0),
(108, 'Sage Derby', '207-74-8462', 0),
(109, 'Coffee - Decafenated', '284-48-2732', 0),
(110, 'Pork - Butt, Boneless', '791-88-3286', 0),
(111, 'Foil Cont Round', '455-73-9584', 0),
(112, 'Nantucket Orange Juice', '661-79-5215', 0);

-- --------------------------------------------------------

--
-- โครงสร้างตาราง `rp_repair`
--

CREATE TABLE IF NOT EXISTS `rp_repair` (
  `id` int(11) NOT NULL AUTO_INCREMENT,
  `customer_id` int(11) NOT NULL,
  `inventory_id` int(11) NOT NULL,
  `job_id` varchar(10) COLLATE utf8_unicode_ci NOT NULL,
  `job_description` varchar(1000) COLLATE utf8_unicode_ci NOT NULL,
  `create_date` date NOT NULL,
  `appointment_date` date NOT NULL,
  `appraiser` decimal(10,2) NOT NULL,
  PRIMARY KEY (`id`),
  UNIQUE KEY `job_id` (`job_id`)
) ENGINE=InnoDB  DEFAULT CHARSET=utf8 COLLATE=utf8_unicode_ci AUTO_INCREMENT=101 ;

--
-- dump ตาราง `rp_repair`
--

INSERT INTO `rp_repair` (`id`, `customer_id`, `inventory_id`, `job_id`, `job_description`, `create_date`, `appointment_date`, `appraiser`) VALUES
(1, 71, 98, '4265455330', 'tempus vivamus in felis eu sapien cursus vestibulum proin eu mi nulla ac', '2015-05-10', '2015-11-25', '763.80'),
(2, 97, 97, '3530452269', 'dapibus duis at velit eu est congue elementum in hac habitasse platea dictumst morbi vestibulum velit id pretium iaculis diam erat fermentum justo nec condimentum neque sapien placerat ante nulla justo aliquam quis turpis eget elit sodales scelerisque mauris sit amet eros suspendisse accumsan tortor quis turpis sed ante vivamus tortor duis mattis egestas metus', '2016-03-20', '2014-08-08', '23.11'),
(3, 118, 36, '5602226926', 'duis bibendum morbi non quam nec dui luctus rutrum nulla tellus in sagittis dui vel nisl duis ac nibh', '2015-12-25', '2016-08-06', '733.47'),
(4, 59, 86, '3529324163', 'urna ut tellus nulla ut erat id mauris vulputate elementum nullam varius nulla facilisi cras non velit nec nisi vulputate nonummy maecenas tincidunt lacus at velit vivamus vel nulla eget eros elementum pellentesque quisque porta volutpat erat quisque erat eros viverra eget congue eget semper rutrum nulla nunc purus', '2016-05-31', '2014-01-29', '308.12'),
(5, 74, 49, '3567833068', 'magna vulputate luctus cum sociis natoque penatibus et magnis dis parturient montes nascetur ridiculus mus vivamus vestibulum sagittis sapien cum sociis natoque penatibus et magnis dis parturient montes nascetur ridiculus mus etiam vel augue vestibulum rutrum rutrum neque aenean auctor gravida sem praesent id massa id nisl venenatis lacinia aenean sit amet justo morbi ut odio cras mi pede malesuada in imperdiet et commodo vulputate justo in blandit ultrices enim lorem ipsum dolor sit amet consectetuer adipiscing elit proin interdum mauris non ligula pellentesque ultrices phasellus id sapien in sapien iaculis congue vivamus', '2015-10-01', '2015-05-13', '664.68'),
(6, 40, 11, '5100179030', 'sit amet lobortis sapien sapien non mi integer ac neque duis bibendum morbi non quam nec dui luctus rutrum nulla tellus in sagittis dui vel nisl duis ac nibh fusce lacus purus aliquet at feugiat non pretium quis lectus suspendisse potenti in eleifend quam a odio in', '2015-12-10', '2014-06-01', '251.69'),
(7, 76, 92, '3563785851', 'vestibulum ante ipsum primis in faucibus orci luctus et ultrices posuere cubilia curae nulla dapibus dolor vel est donec odio justo sollicitudin ut suscipit a feugiat et eros vestibulum ac', '2017-06-03', '2016-11-02', '230.40'),
(8, 57, 103, '2015096931', 'turpis enim blandit mi in porttitor pede justo eu massa donec dapibus duis at velit eu est congue elementum in hac habitasse platea dictumst morbi vestibulum velit id pretium iaculis diam erat fermentum justo nec condimentum neque sapien placerat ante nulla justo aliquam quis turpis eget elit sodales scelerisque mauris sit amet eros suspendisse accumsan tortor quis turpis sed ante vivamus tortor duis mattis egestas metus aenean fermentum', '2016-02-05', '2015-03-17', '908.53'),
(9, 74, 45, '5602248432', 'sapien iaculis congue vivamus metus arcu adipiscing molestie hendrerit at vulputate vitae nisl aenean lectus pellentesque eget nunc donec quis orci eget orci vehicula condimentum curabitur in libero ut massa volutpat convallis morbi odio odio elementum eu interdum eu tincidunt in leo maecenas pulvinar lobortis est phasellus sit amet erat nulla tempus vivamus in felis eu sapien cursus vestibulum proin eu mi nulla ac enim in tempor turpis nec euismod scelerisque quam turpis adipiscing lorem vitae mattis nibh ligula nec sem duis aliquam convallis', '2016-03-05', '2017-05-17', '85.95'),
(10, 121, 59, '3543448371', 'mi sit amet lobortis sapien sapien non mi integer ac neque duis bibendum morbi non quam nec dui luctus rutrum nulla tellus in sagittis dui vel nisl duis ac nibh fusce lacus purus aliquet at feugiat non pretium quis lectus suspendisse potenti in eleifend quam a odio in hac habitasse platea dictumst maecenas ut massa quis augue luctus tincidunt', '2015-07-26', '2016-05-18', '690.10'),
(11, 110, 68, '3579465440', 'dui maecenas tristique est et tempus semper est quam pharetra magna ac consequat metus sapien ut nunc vestibulum ante ipsum primis in faucibus orci luctus et ultrices posuere cubilia curae mauris viverra diam vitae quam suspendisse potenti nullam porttitor lacus at turpis donec posuere metus vitae ipsum aliquam non mauris morbi non lectus aliquam sit amet diam in magna bibendum imperdiet nullam orci pede venenatis non sodales sed tincidunt eu felis', '2015-02-19', '2015-08-09', '813.09'),
(12, 117, 64, '6759114573', 'suspendisse potenti nullam porttitor lacus at turpis donec posuere metus vitae ipsum aliquam non mauris morbi non lectus aliquam sit amet diam in magna bibendum imperdiet nullam orci pede venenatis non sodales sed tincidunt eu felis fusce posuere felis sed lacus morbi sem mauris laoreet ut rhoncus aliquet pulvinar sed nisl nunc rhoncus dui vel', '2017-05-20', '2014-07-29', '474.35'),
(13, 111, 72, '3534490266', 'sit amet diam in magna bibendum imperdiet nullam orci pede venenatis non sodales sed tincidunt eu felis fusce posuere felis sed lacus morbi sem mauris laoreet ut rhoncus aliquet pulvinar sed nisl nunc rhoncus dui vel sem sed sagittis nam congue risus semper porta volutpat quam pede lobortis ligula sit amet eleifend pede libero quis orci nullam molestie nibh in lectus pellentesque at nulla suspendisse potenti cras in purus eu magna vulputate luctus cum sociis natoque', '2015-02-11', '2017-03-18', '899.00'),
(14, 74, 83, '5048376981', 'eu tincidunt in leo maecenas pulvinar lobortis est phasellus sit amet erat nulla tempus vivamus in felis eu sapien cursus vestibulum proin eu mi nulla ac enim in tempor turpis nec euismod scelerisque quam turpis adipiscing lorem vitae mattis nibh ligula nec sem duis aliquam convallis nunc proin at turpis a pede posuere nonummy', '2015-07-24', '2016-08-05', '550.43'),
(15, 101, 112, '3545250325', 'ipsum primis in faucibus orci luctus et ultrices posuere cubilia curae donec pharetra magna vestibulum aliquet ultrices erat tortor sollicitudin mi sit amet lobortis sapien sapien non mi integer ac neque duis bibendum morbi non quam nec dui luctus rutrum nulla tellus in sagittis dui vel nisl duis ac nibh fusce lacus purus aliquet at feugiat non pretium quis lectus suspendisse potenti in eleifend quam a odio in hac habitasse platea dictumst maecenas ut massa quis augue luctus tincidunt nulla mollis molestie lorem quisque ut erat', '2017-05-15', '2016-10-29', '156.75'),
(16, 36, 51, '5602241252', 'mauris sit amet eros suspendisse accumsan tortor quis turpis sed ante vivamus tortor duis mattis egestas metus aenean fermentum donec ut mauris eget massa tempor convallis nulla neque libero convallis eget eleifend luctus ultricies eu nibh quisque id justo sit amet sapien dignissim vestibulum vestibulum ante ipsum primis in faucibus orci luctus et ultrices posuere cubilia curae nulla dapibus dolor', '2017-02-11', '2014-11-24', '864.84'),
(17, 70, 75, '6762175104', 'ut massa quis augue luctus tincidunt nulla mollis molestie lorem quisque ut erat curabitur gravida nisi at nibh in hac habitasse platea dictumst aliquam augue quam sollicitudin vitae consectetuer eget rutrum at lorem integer tincidunt ante vel ipsum praesent blandit lacinia erat vestibulum sed magna at nunc commodo placerat praesent blandit nam nulla integer pede justo lacinia eget tincidunt eget tempus vel pede morbi porttitor lorem id ligula suspendisse ornare', '2016-05-13', '2016-03-13', '946.36'),
(18, 111, 92, '3547674091', 'felis fusce posuere felis sed lacus morbi sem mauris laoreet ut rhoncus aliquet pulvinar sed nisl nunc', '2015-05-21', '2016-08-06', '303.26'),
(19, 83, 19, '5100171987', 'penatibus et magnis dis parturient montes nascetur ridiculus mus vivamus vestibulum sagittis sapien cum sociis natoque penatibus et magnis dis parturient montes nascetur ridiculus mus etiam vel augue vestibulum rutrum rutrum neque aenean auctor gravida sem praesent id massa id nisl venenatis lacinia aenean sit amet justo morbi ut odio cras mi pede malesuada in imperdiet et commodo vulputate justo in blandit ultrices enim lorem ipsum dolor sit amet consectetuer adipiscing elit', '2016-08-10', '2016-01-14', '807.59'),
(20, 70, 41, '3537560833', 'dictumst etiam faucibus cursus urna ut tellus nulla ut erat id mauris vulputate elementum nullam varius nulla facilisi cras non velit nec nisi vulputate nonummy maecenas tincidunt lacus at velit vivamus vel nulla eget eros elementum pellentesque quisque porta', '2014-12-20', '2014-04-20', '476.66'),
(21, 95, 96, '5602220970', 'libero quis orci nullam molestie nibh in lectus pellentesque at nulla suspendisse potenti cras in purus eu magna vulputate luctus cum sociis natoque penatibus et magnis dis parturient montes nascetur ridiculus mus vivamus vestibulum sagittis sapien cum sociis natoque penatibus et magnis dis parturient montes nascetur ridiculus mus etiam vel augue vestibulum rutrum rutrum neque aenean auctor gravida sem praesent id massa id nisl venenatis lacinia aenean sit amet justo morbi ut odio cras mi', '2014-02-09', '2016-05-17', '147.69'),
(22, 54, 61, '3538975531', 'suscipit a feugiat et eros vestibulum ac est lacinia nisi venenatis tristique fusce congue diam id ornare imperdiet sapien urna pretium nisl ut volutpat sapien arcu sed', '2014-11-20', '2016-12-10', '643.30'),
(23, 48, 107, '4041593019', 'duis ac nibh fusce lacus purus aliquet at feugiat non pretium quis lectus suspendisse potenti in eleifend quam a odio in hac habitasse platea dictumst maecenas ut massa quis augue luctus tincidunt nulla mollis molestie lorem quisque ut erat curabitur gravida nisi at nibh in hac habitasse platea dictumst aliquam augue quam sollicitudin vitae consectetuer eget rutrum at lorem integer tincidunt ante vel ipsum praesent blandit lacinia erat vestibulum sed magna at nunc commodo placerat praesent blandit nam nulla integer pede justo lacinia eget tincidunt eget tempus vel pede morbi porttitor lorem id ligula', '2016-05-07', '2015-09-09', '212.25'),
(24, 70, 63, '3563722371', 'mi integer ac neque duis bibendum morbi non quam nec dui luctus rutrum nulla tellus in sagittis dui vel nisl duis ac nibh fusce lacus purus aliquet', '2014-02-10', '2014-11-22', '478.14'),
(25, 82, 65, '3545677184', 'in faucibus orci luctus et ultrices posuere cubilia curae nulla dapibus dolor vel est donec odio justo sollicitudin ut suscipit a feugiat et eros vestibulum ac est lacinia nisi venenatis tristique fusce congue diam id ornare imperdiet sapien urna pretium nisl ut volutpat sapien arcu sed augue aliquam erat', '2017-01-28', '2016-09-09', '424.15'),
(26, 57, 75, '3567443878', 'tincidunt eu felis fusce posuere felis sed lacus morbi sem mauris laoreet ut rhoncus aliquet pulvinar sed nisl nunc rhoncus dui vel sem sed sagittis nam congue risus semper porta volutpat quam pede lobortis ligula sit amet eleifend pede libero quis orci nullam molestie nibh in lectus pellentesque at nulla suspendisse potenti cras in purus eu magna vulputate luctus cum sociis natoque penatibus et magnis dis parturient montes nascetur ridiculus mus vivamus vestibulum sagittis', '2014-01-29', '2016-03-18', '103.60'),
(27, 117, 77, '3577778449', 'ridiculus mus vivamus vestibulum sagittis sapien cum sociis natoque penatibus et magnis dis parturient montes nascetur ridiculus mus etiam vel augue vestibulum rutrum rutrum neque aenean auctor gravida sem praesent id massa id nisl venenatis lacinia aenean sit amet justo morbi ut odio cras mi pede malesuada in imperdiet', '2015-11-05', '2014-12-25', '263.86'),
(28, 39, 22, '3582100476', 'interdum eu tincidunt in leo maecenas pulvinar lobortis est phasellus sit amet erat nulla tempus vivamus in felis eu sapien cursus vestibulum proin eu mi nulla ac enim in tempor turpis nec euismod scelerisque quam turpis adipiscing lorem vitae mattis nibh ligula nec sem duis aliquam convallis nunc', '2014-12-07', '2014-06-16', '387.35'),
(29, 85, 54, '3534113789', 'curae duis faucibus accumsan odio curabitur convallis duis consequat dui nec nisi volutpat eleifend donec ut', '2015-04-17', '2015-05-27', '344.50'),
(30, 116, 109, '3560390089', 'amet erat nulla tempus vivamus in felis eu sapien cursus vestibulum proin eu mi nulla ac enim in tempor turpis nec euismod scelerisque quam turpis adipiscing lorem vitae mattis nibh ligula nec', '2015-07-11', '2016-11-19', '567.54'),
(31, 44, 68, '6304022329', 'suspendisse ornare consequat lectus in est risus auctor sed tristique in tempus sit amet sem fusce consequat nulla nisl nunc nisl duis bibendum felis sed interdum venenatis turpis enim blandit mi', '2016-03-16', '2015-05-15', '533.63'),
(32, 102, 48, '2018329900', 'sed sagittis nam congue risus semper porta volutpat quam pede lobortis ligula sit amet eleifend pede libero quis orci nullam molestie nibh in lectus pellentesque at nulla suspendisse potenti cras in purus eu magna vulputate luctus cum sociis natoque penatibus et magnis dis parturient montes nascetur ridiculus mus vivamus vestibulum sagittis sapien cum sociis natoque penatibus et magnis dis parturient montes nascetur ridiculus mus etiam vel augue vestibulum rutrum rutrum neque aenean auctor gravida sem praesent id massa id nisl venenatis', '2014-07-20', '2014-12-29', '781.63'),
(33, 60, 30, '3570476478', 'odio cras mi pede malesuada in imperdiet et commodo vulputate justo in blandit ultrices enim lorem ipsum', '2017-04-01', '2017-05-22', '912.12'),
(34, 67, 44, '3554034649', 'posuere cubilia curae mauris viverra diam vitae quam suspendisse potenti nullam porttitor lacus at turpis donec posuere metus vitae ipsum aliquam non mauris morbi non lectus aliquam sit amet diam in magna bibendum imperdiet nullam orci pede venenatis non sodales sed tincidunt eu felis fusce posuere felis sed lacus morbi sem mauris laoreet ut rhoncus aliquet pulvinar sed', '2015-08-18', '2015-01-18', '366.61'),
(35, 35, 52, '2019338145', 'at nulla suspendisse potenti cras in purus eu magna vulputate luctus cum sociis natoque penatibus et magnis dis parturient montes nascetur ridiculus', '2014-11-28', '2015-03-08', '505.03'),
(36, 83, 22, '3561381443', 'sodales scelerisque mauris sit amet eros suspendisse accumsan tortor quis turpis sed ante vivamus tortor duis mattis egestas metus aenean fermentum donec ut mauris eget massa tempor convallis nulla neque libero convallis eget eleifend luctus ultricies eu nibh quisque id justo sit amet sapien dignissim vestibulum vestibulum ante', '2016-02-10', '2016-11-26', '279.02'),
(37, 105, 27, '6767658482', 'mauris morbi non lectus aliquam sit amet diam in magna bibendum imperdiet nullam orci pede venenatis non sodales sed tincidunt eu felis fusce', '2016-04-29', '2016-05-13', '899.34'),
(38, 97, 86, '3541162155', 'eget eros elementum pellentesque quisque porta volutpat erat quisque erat eros viverra eget congue eget semper rutrum nulla nunc purus phasellus in felis donec semper sapien a libero nam', '2014-06-30', '2015-05-19', '430.60'),
(39, 43, 38, '5610283721', 'odio odio elementum eu interdum eu tincidunt in leo maecenas pulvinar lobortis est phasellus sit amet erat nulla tempus vivamus in felis eu sapien cursus vestibulum proin eu mi nulla ac', '2014-04-17', '2016-06-23', '389.11'),
(40, 95, 44, '5602229919', 'cubilia curae nulla dapibus dolor vel est donec odio justo sollicitudin ut suscipit a feugiat et eros vestibulum ac est lacinia nisi venenatis tristique fusce congue diam id ornare imperdiet sapien urna pretium nisl ut volutpat sapien arcu sed augue aliquam erat volutpat in congue etiam justo etiam pretium iaculis justo in hac habitasse platea dictumst etiam faucibus cursus urna ut tellus nulla ut erat id mauris', '2016-06-28', '2015-04-20', '350.54'),
(41, 90, 73, '5002350510', 'turpis elementum ligula vehicula consequat morbi a ipsum integer a nibh in quis justo maecenas rhoncus aliquam lacus morbi quis tortor id nulla ultrices aliquet maecenas leo odio condimentum id luctus nec molestie sed justo', '2015-02-19', '2014-11-07', '61.75'),
(42, 84, 60, '3573967814', 'in faucibus orci luctus et ultrices posuere cubilia curae mauris viverra diam vitae quam suspendisse potenti nullam porttitor lacus at turpis donec posuere metus vitae ipsum aliquam non mauris morbi non lectus aliquam sit amet diam in magna bibendum imperdiet nullam orci pede venenatis non sodales sed tincidunt eu felis fusce posuere felis sed lacus morbi sem mauris laoreet ut rhoncus aliquet pulvinar sed nisl nunc rhoncus dui vel sem sed sagittis nam congue risus semper porta volutpat quam pede lobortis ligula sit amet eleifend', '2014-05-21', '2016-06-18', '41.22'),
(43, 113, 49, '3585235951', 'condimentum neque sapien placerat ante nulla justo aliquam quis turpis eget elit sodales scelerisque mauris sit amet eros suspendisse accumsan tortor quis turpis sed ante vivamus', '2016-07-02', '2015-08-03', '710.04'),
(44, 102, 77, '6334689380', 'phasellus id sapien in sapien iaculis congue vivamus metus arcu adipiscing', '2014-03-23', '2014-09-03', '495.61'),
(45, 76, 56, '4911341763', 'eleifend pede libero quis orci nullam molestie nibh in lectus pellentesque at nulla suspendisse potenti cras in purus eu magna vulputate luctus cum sociis natoque penatibus et magnis dis parturient montes nascetur ridiculus mus vivamus vestibulum sagittis sapien cum sociis', '2015-08-13', '2015-04-20', '160.56'),
(46, 106, 98, '3582169191', 'dui vel nisl duis ac nibh fusce lacus purus aliquet at feugiat non pretium quis lectus suspendisse potenti in eleifend quam a odio in hac habitasse platea dictumst maecenas ut massa quis augue luctus tincidunt nulla', '2016-02-02', '2016-01-05', '338.87'),
(47, 81, 93, '6771697053', 'posuere cubilia curae mauris viverra diam vitae quam suspendisse potenti nullam porttitor lacus at turpis donec posuere metus vitae ipsum aliquam non mauris morbi non lectus aliquam sit amet diam in magna bibendum imperdiet nullam orci pede venenatis non sodales sed tincidunt eu felis fusce posuere felis sed lacus morbi sem mauris laoreet ut', '2014-05-31', '2017-04-15', '236.47'),
(48, 43, 46, '3006484122', 'vitae nisi nam ultrices libero non mattis pulvinar nulla pede ullamcorper augue a suscipit nulla elit ac nulla sed vel enim sit amet nunc', '2016-06-23', '2015-07-28', '324.32'),
(49, 99, 64, '5387165894', 'luctus et ultrices posuere cubilia curae nulla dapibus dolor vel est donec odio justo sollicitudin ut suscipit a feugiat et eros vestibulum ac est lacinia nisi venenatis tristique fusce congue diam id ornare imperdiet sapien urna pretium nisl ut volutpat sapien arcu sed augue aliquam erat volutpat in congue etiam justo etiam pretium iaculis justo in hac habitasse platea dictumst etiam faucibus cursus urna ut tellus nulla ut erat id mauris vulputate elementum nullam varius nulla facilisi cras non velit nec nisi vulputate nonummy maecenas tincidunt lacus at velit vivamus vel nulla eget eros elementum pellentesque quisque porta volutpat', '2016-07-16', '2017-05-07', '53.55'),
(50, 68, 104, '4905455906', 'dolor vel est donec odio justo sollicitudin ut suscipit a feugiat et eros vestibulum ac est lacinia nisi venenatis tristique fusce congue diam id ornare imperdiet sapien urna pretium nisl ut volutpat sapien arcu sed augue aliquam erat volutpat in congue etiam justo etiam pretium iaculis justo in hac habitasse platea dictumst etiam faucibus cursus urna ut tellus nulla ut erat id mauris', '2016-07-13', '2014-09-28', '658.85'),
(51, 64, 22, '6372181972', 'hac habitasse platea dictumst maecenas ut massa quis augue luctus tincidunt nulla mollis molestie lorem quisque ut erat curabitur gravida nisi at nibh in hac habitasse platea dictumst aliquam augue quam sollicitudin vitae consectetuer eget rutrum at lorem integer tincidunt ante vel ipsum praesent blandit lacinia erat vestibulum sed magna at nunc commodo placerat praesent blandit nam nulla integer pede justo lacinia eget tincidunt eget tempus vel pede morbi porttitor lorem id ligula suspendisse ornare consequat lectus in est risus auctor sed tristique in tempus sit amet sem fusce consequat nulla nisl nunc nisl duis bibendum felis sed interdum', '2014-11-01', '2016-10-01', '869.97'),
(52, 108, 38, '4175002835', 'neque sapien placerat ante nulla justo aliquam quis turpis eget elit sodales scelerisque mauris sit amet eros suspendisse accumsan tortor quis turpis sed ante vivamus tortor duis mattis egestas metus aenean fermentum donec ut mauris eget massa tempor convallis nulla neque libero convallis eget eleifend luctus ultricies eu nibh quisque id justo sit amet sapien dignissim vestibulum vestibulum ante ipsum primis in faucibus orci luctus et ultrices posuere', '2014-02-11', '2016-06-08', '988.99'),
(53, 118, 17, '3549353002', 'orci luctus et ultrices posuere cubilia curae donec pharetra magna vestibulum aliquet ultrices erat tortor sollicitudin mi sit amet lobortis sapien sapien non mi integer ac neque duis bibendum morbi non quam nec dui luctus rutrum nulla tellus in sagittis dui vel nisl duis ac nibh fusce lacus purus aliquet at feugiat non pretium quis lectus suspendisse potenti in eleifend quam a odio', '2014-06-15', '2016-11-30', '591.94'),
(54, 68, 99, '3587869368', 'ante vestibulum ante ipsum primis in faucibus orci luctus et ultrices posuere cubilia curae duis faucibus accumsan odio curabitur convallis duis consequat dui nec nisi volutpat eleifend donec ut dolor morbi vel lectus in quam fringilla rhoncus mauris enim leo rhoncus sed vestibulum sit amet cursus id turpis integer aliquet massa id lobortis convallis tortor risus dapibus augue vel accumsan tellus nisi eu orci mauris lacinia sapien quis libero nullam sit amet turpis elementum ligula vehicula consequat morbi a ipsum integer a nibh in quis', '2014-09-04', '2016-09-08', '994.51'),
(55, 108, 56, '3561356748', 'justo nec condimentum neque sapien placerat ante nulla justo aliquam quis turpis eget elit sodales scelerisque mauris sit amet eros suspendisse accumsan tortor quis turpis sed ante vivamus tortor duis mattis egestas metus aenean fermentum donec ut mauris eget massa tempor convallis nulla neque libero convallis eget eleifend luctus ultricies eu nibh quisque id justo sit amet sapien dignissim vestibulum vestibulum ante ipsum primis in faucibus orci', '2016-07-11', '2016-04-20', '565.94'),
(56, 74, 40, '5457854619', 'ultrices posuere cubilia curae nulla dapibus dolor vel est donec odio justo sollicitudin ut suscipit a feugiat et eros vestibulum ac est lacinia nisi venenatis tristique fusce congue diam id ornare imperdiet sapien urna pretium nisl ut volutpat sapien arcu sed augue aliquam erat volutpat in congue etiam justo etiam pretium iaculis justo in hac habitasse platea dictumst', '2014-11-05', '2015-09-23', '921.35'),
(57, 84, 82, '3571499312', 'turpis nec euismod scelerisque quam turpis adipiscing lorem vitae mattis nibh ligula nec sem duis aliquam convallis nunc proin at turpis a pede posuere nonummy', '2015-07-24', '2017-03-27', '71.53'),
(58, 121, 94, '3039504700', 'porta volutpat quam pede lobortis ligula sit amet eleifend pede libero quis orci nullam molestie nibh in lectus pellentesque at nulla suspendisse potenti cras in purus eu magna vulputate luctus cum sociis natoque penatibus et magnis dis parturient montes nascetur ridiculus mus vivamus vestibulum sagittis sapien cum sociis natoque penatibus et magnis dis parturient montes nascetur ridiculus mus etiam vel augue vestibulum rutrum rutrum neque', '2015-02-11', '2014-06-03', '758.40'),
(59, 112, 58, '4175003093', 'duis aliquam convallis nunc proin at turpis a pede posuere nonummy integer non velit donec diam neque vestibulum eget vulputate ut ultrices vel augue vestibulum ante ipsum primis in faucibus orci luctus et ultrices posuere cubilia curae donec pharetra magna vestibulum aliquet ultrices erat tortor sollicitudin mi sit amet lobortis sapien sapien non mi integer ac neque duis bibendum morbi non quam nec dui luctus rutrum nulla tellus in sagittis dui vel nisl', '2015-04-01', '2014-03-10', '778.88'),
(60, 91, 12, '6393167179', 'hac habitasse platea dictumst morbi vestibulum velit id pretium iaculis diam erat fermentum justo nec condimentum neque sapien placerat ante nulla justo aliquam quis turpis eget elit sodales scelerisque mauris sit amet eros suspendisse accumsan tortor quis turpis sed ante vivamus tortor duis mattis egestas metus aenean fermentum donec ut mauris eget massa tempor convallis nulla neque libero convallis eget eleifend luctus ultricies eu nibh quisque id justo sit amet sapien dignissim vestibulum vestibulum ante ipsum primis in faucibus orci luctus et ultrices posuere', '2015-03-17', '2017-02-03', '849.46'),
(61, 90, 92, '3742889079', 'tincidunt nulla mollis molestie lorem quisque ut erat curabitur gravida nisi at nibh in hac habitasse platea dictumst aliquam augue quam sollicitudin vitae consectetuer eget rutrum at lorem integer tincidunt ante vel ipsum praesent blandit lacinia erat vestibulum sed magna at nunc commodo placerat praesent blandit nam nulla integer pede justo lacinia eget tincidunt eget tempus vel pede', '2015-11-02', '2014-09-09', '192.31'),
(62, 121, 46, '3587056243', 'dictumst etiam faucibus cursus urna ut tellus nulla ut erat id mauris vulputate elementum nullam', '2016-10-28', '2014-07-15', '802.64'),
(63, 34, 60, '4903061889', 'ultrices posuere cubilia curae donec pharetra magna vestibulum aliquet ultrices erat tortor sollicitudin mi sit amet lobortis sapien sapien non mi integer ac neque duis bibendum morbi non quam nec dui luctus rutrum nulla tellus in sagittis dui vel nisl duis ac nibh fusce lacus purus aliquet at feugiat non pretium quis lectus suspendisse potenti in eleifend quam a odio in hac habitasse platea dictumst maecenas ut massa quis augue luctus tincidunt nulla mollis molestie lorem quisque', '2014-01-31', '2014-11-07', '401.04'),
(64, 67, 52, '5416583212', 'molestie lorem quisque ut erat curabitur gravida nisi at nibh in hac habitasse platea dictumst aliquam augue quam sollicitudin vitae consectetuer eget rutrum at lorem integer tincidunt ante vel ipsum praesent blandit lacinia erat vestibulum sed magna at nunc commodo', '2015-02-10', '2016-06-09', '718.74'),
(65, 53, 45, '3548118107', 'in faucibus orci luctus et ultrices posuere cubilia curae donec pharetra magna vestibulum aliquet ultrices erat tortor sollicitudin mi sit amet lobortis sapien sapien non mi integer ac neque duis bibendum morbi non quam nec dui luctus rutrum nulla tellus in sagittis dui vel nisl duis ac nibh fusce lacus purus aliquet at feugiat non pretium quis lectus suspendisse potenti in eleifend quam a odio in hac habitasse platea dictumst maecenas ut massa quis augue luctus tincidunt nulla', '2016-12-04', '2016-02-11', '754.52'),
(66, 115, 94, '5100135583', 'pellentesque ultrices phasellus id sapien in sapien iaculis congue vivamus metus arcu adipiscing molestie hendrerit at vulputate vitae nisl aenean lectus pellentesque eget nunc donec quis orci eget orci vehicula condimentum curabitur in libero ut massa volutpat convallis morbi odio odio elementum eu interdum eu tincidunt in', '2014-11-12', '2017-06-08', '803.67'),
(67, 89, 20, '4041596486', 'eu est congue elementum in hac habitasse platea dictumst morbi vestibulum velit id pretium iaculis diam erat fermentum justo nec condimentum neque sapien placerat ante nulla justo aliquam quis turpis eget elit sodales scelerisque mauris sit amet eros suspendisse accumsan tortor quis turpis sed ante vivamus tortor duis mattis egestas metus aenean fermentum donec ut mauris eget massa tempor convallis nulla neque libero convallis eget', '2017-06-08', '2015-06-05', '578.04'),
(68, 41, 99, '3542264982', 'sed vestibulum sit amet cursus id turpis integer aliquet massa id lobortis convallis tortor risus dapibus augue vel accumsan tellus nisi eu orci mauris lacinia sapien quis libero nullam sit amet turpis elementum ligula vehicula consequat morbi a ipsum integer a nibh in quis justo maecenas rhoncus aliquam lacus morbi quis tortor id nulla ultrices aliquet maecenas leo odio condimentum id luctus', '2016-07-01', '2016-01-09', '90.34'),
(69, 100, 15, '3587657364', 'phasellus id sapien in sapien iaculis congue vivamus metus arcu', '2015-08-04', '2014-11-27', '38.63'),
(70, 67, 18, '5602237571', 'id ligula suspendisse ornare consequat lectus in est risus auctor sed tristique in tempus sit amet sem fusce consequat nulla nisl nunc nisl duis bibendum felis sed interdum venenatis turpis enim blandit mi in porttitor pede justo eu massa donec dapibus duis at velit eu est congue elementum in hac', '2015-01-08', '2015-12-05', '359.38'),
(71, 96, 10, '3579176612', 'vestibulum sit amet cursus id turpis integer aliquet massa id lobortis convallis tortor risus dapibus augue vel', '2015-06-28', '2016-10-14', '85.14'),
(72, 82, 45, '5602221506', 'a ipsum integer a nibh in quis justo maecenas rhoncus aliquam lacus morbi quis tortor id nulla ultrices aliquet maecenas leo odio condimentum id luctus nec molestie sed justo pellentesque viverra pede ac diam cras pellentesque volutpat dui maecenas tristique est et tempus semper est quam pharetra magna ac consequat metus sapien ut nunc vestibulum ante ipsum primis in faucibus orci luctus et ultrices posuere cubilia curae mauris', '2017-04-22', '2016-09-14', '786.11'),
(73, 62, 95, '5602250632', 'ut rhoncus aliquet pulvinar sed nisl nunc rhoncus dui vel sem sed sagittis nam congue risus semper porta volutpat quam pede lobortis ligula sit amet', '2016-05-26', '2015-11-21', '826.12'),
(74, 47, 65, '5602246262', 'vestibulum proin eu mi nulla ac enim in tempor turpis nec euismod scelerisque quam turpis adipiscing lorem vitae mattis nibh ligula nec sem duis aliquam convallis nunc proin at turpis a pede posuere nonummy integer non velit donec diam', '2017-02-01', '2014-04-01', '617.02'),
(75, 68, 18, '3020261095', 'pellentesque ultrices phasellus id sapien in sapien iaculis congue vivamus metus arcu adipiscing molestie hendrerit at vulputate vitae nisl aenean lectus pellentesque eget nunc donec quis orci eget orci vehicula condimentum curabitur in libero ut massa volutpat convallis morbi odio odio elementum eu interdum eu tincidunt in leo maecenas pulvinar lobortis est phasellus sit amet erat nulla tempus vivamus in felis eu sapien cursus vestibulum proin eu mi nulla ac enim in tempor turpis nec', '2017-03-03', '2014-10-27', '358.49'),
(76, 60, 70, '5641823856', 'curae donec pharetra magna vestibulum aliquet ultrices erat tortor sollicitudin mi sit amet lobortis sapien sapien non mi integer ac neque duis bibendum morbi non quam nec dui luctus rutrum nulla tellus in sagittis dui vel nisl duis ac nibh fusce lacus purus aliquet at feugiat non pretium quis lectus suspendisse potenti in eleifend quam a odio in hac habitasse platea dictumst maecenas ut massa quis augue luctus tincidunt nulla mollis molestie lorem quisque ut erat curabitur gravida nisi', '2014-07-25', '2014-05-27', '425.92'),
(77, 57, 13, '6304985429', 'eget vulputate ut ultrices vel augue vestibulum ante ipsum primis in faucibus orci luctus et ultrices posuere cubilia curae donec pharetra magna vestibulum aliquet ultrices erat tortor sollicitudin mi sit amet lobortis sapien sapien non mi integer ac neque duis bibendum morbi non quam nec dui luctus rutrum nulla tellus in sagittis dui vel nisl duis ac nibh fusce lacus purus aliquet at feugiat non pretium quis lectus suspendisse potenti in eleifend quam a odio in hac habitasse platea dictumst maecenas ut massa quis augue luctus tincidunt nulla mollis molestie lorem quisque ut erat', '2017-03-18', '2016-01-29', '104.35'),
(78, 77, 34, '3578807282', 'sapien quis libero nullam sit amet turpis elementum ligula vehicula consequat morbi a ipsum integer a nibh in quis justo maecenas rhoncus aliquam lacus morbi quis tortor id nulla ultrices aliquet maecenas leo odio condimentum id luctus nec molestie sed', '2016-12-19', '2015-04-21', '185.95'),
(79, 51, 33, '6304787319', 'maecenas rhoncus aliquam lacus morbi quis tortor id nulla ultrices aliquet maecenas leo odio condimentum id luctus nec molestie sed justo pellentesque viverra pede ac diam cras pellentesque volutpat dui maecenas tristique est et tempus semper est quam pharetra magna ac consequat metus sapien ut nunc vestibulum ante ipsum primis in faucibus orci luctus et ultrices posuere cubilia curae mauris viverra diam vitae quam suspendisse potenti nullam porttitor lacus at turpis donec posuere metus vitae ipsum aliquam non', '2016-03-08', '2017-01-23', '167.52'),
(80, 36, 69, '6370584718', 'id mauris vulputate elementum nullam varius nulla facilisi cras non velit nec nisi vulputate nonummy maecenas tincidunt lacus at velit vivamus vel nulla eget eros elementum pellentesque quisque porta volutpat erat quisque erat eros viverra eget congue eget semper rutrum nulla nunc purus phasellus in felis donec semper sapien a libero nam dui proin leo odio porttitor id consequat in consequat ut nulla sed accumsan felis ut at dolor quis odio consequat varius integer ac leo', '2016-05-15', '2017-02-24', '143.17'),
(81, 32, 95, '5018069740', 'purus eu magna vulputate luctus cum sociis natoque penatibus et magnis dis parturient montes nascetur ridiculus mus vivamus vestibulum sagittis sapien cum sociis natoque penatibus et magnis dis parturient montes nascetur ridiculus mus etiam vel augue vestibulum rutrum rutrum neque aenean auctor gravida sem praesent id massa id nisl venenatis lacinia aenean sit amet justo morbi ut odio cras mi pede malesuada in imperdiet et commodo vulputate justo in blandit ultrices enim lorem ipsum dolor sit amet consectetuer adipiscing elit proin interdum', '2017-05-29', '2017-05-01', '145.39'),
(82, 112, 65, '3589344747', 'luctus rutrum nulla tellus in sagittis dui vel nisl duis ac nibh fusce lacus purus aliquet at feugiat non pretium quis lectus suspendisse potenti in eleifend quam a odio in hac habitasse platea dictumst maecenas ut massa quis augue luctus tincidunt nulla mollis molestie lorem quisque ut erat curabitur gravida nisi at nibh in hac habitasse platea dictumst aliquam augue quam sollicitudin vitae consectetuer eget rutrum at lorem integer tincidunt ante vel ipsum praesent blandit lacinia erat vestibulum sed magna at nunc commodo placerat praesent blandit nam nulla integer pede justo', '2016-12-28', '2014-11-03', '379.86'),
(83, 72, 46, '3571715905', 'sem sed sagittis nam congue risus semper porta volutpat quam pede lobortis ligula sit amet eleifend pede libero quis orci nullam molestie nibh in lectus pellentesque at nulla suspendisse potenti cras in purus eu magna vulputate luctus cum sociis natoque penatibus et magnis dis parturient montes nascetur', '2015-07-29', '2015-12-31', '425.09'),
(84, 85, 107, '5602235387', 'fermentum justo nec condimentum neque sapien placerat ante nulla justo aliquam quis turpis eget elit sodales scelerisque mauris sit amet eros suspendisse accumsan tortor quis turpis sed ante vivamus tortor duis mattis egestas metus aenean fermentum donec ut mauris eget massa tempor convallis nulla neque libero convallis eget eleifend luctus ultricies eu nibh quisque id justo sit amet sapien', '2014-06-19', '2015-10-06', '481.36'),
(85, 65, 96, '3551319659', 'vel ipsum praesent blandit lacinia erat vestibulum sed magna at nunc commodo placerat praesent blandit nam nulla integer pede justo lacinia eget tincidunt eget tempus vel pede morbi porttitor lorem id ligula suspendisse ornare consequat lectus in est risus auctor sed tristique in tempus sit amet sem fusce consequat', '2017-05-28', '2016-11-16', '62.60'),
(86, 102, 35, '3562991157', 'bibendum morbi non quam nec dui luctus rutrum nulla tellus in sagittis dui vel nisl duis ac nibh fusce lacus purus aliquet at feugiat non pretium quis lectus suspendisse potenti in eleifend quam a odio in hac habitasse platea dictumst maecenas ut massa quis augue luctus tincidunt nulla mollis molestie lorem quisque ut erat curabitur gravida nisi at nibh in hac habitasse platea dictumst aliquam augue quam sollicitudin vitae consectetuer eget rutrum at lorem integer tincidunt ante vel ipsum praesent blandit lacinia erat vestibulum sed magna at nunc commodo placerat praesent blandit nam nulla integer pede justo lacinia', '2014-10-03', '2014-07-11', '120.08'),
(87, 88, 27, '6333474662', 'eget eleifend luctus ultricies eu nibh quisque id justo sit amet sapien dignissim vestibulum vestibulum ante ipsum primis in faucibus orci luctus et ultrices posuere cubilia curae nulla dapibus dolor vel est donec odio justo sollicitudin ut suscipit a feugiat et eros vestibulum ac est lacinia nisi venenatis tristique fusce congue diam id ornare imperdiet sapien urna pretium nisl ut volutpat sapien arcu sed augue aliquam erat volutpat in congue etiam justo etiam pretium iaculis justo in hac habitasse platea dictumst etiam faucibus cursus urna ut tellus nulla ut erat id mauris vulputate elementum nullam varius nulla facilisi', '2016-04-21', '2014-08-06', '520.71'),
(88, 109, 57, '5532250077', 'non sodales sed tincidunt eu felis fusce posuere felis sed lacus morbi sem mauris laoreet ut rhoncus aliquet', '2014-06-12', '2016-07-15', '261.67'),
(89, 91, 26, '3742887440', 'non pretium quis lectus suspendisse potenti in eleifend quam a odio in hac habitasse platea dictumst maecenas ut massa quis augue luctus tincidunt nulla mollis molestie lorem quisque ut erat curabitur gravida nisi at nibh in hac habitasse platea dictumst', '2014-08-18', '2016-05-10', '399.86'),
(90, 61, 57, '3584612254', 'augue vel accumsan tellus nisi eu orci mauris lacinia sapien quis libero nullam sit amet turpis elementum ligula vehicula consequat morbi a ipsum integer a nibh in quis justo maecenas rhoncus aliquam lacus morbi quis tortor id nulla ultrices aliquet maecenas leo odio condimentum id luctus nec molestie sed justo pellentesque viverra pede ac diam cras pellentesque volutpat dui maecenas tristique est', '2015-07-31', '2014-03-22', '779.15'),
(91, 78, 106, '3561429001', 'condimentum neque sapien placerat ante nulla justo aliquam quis turpis eget elit sodales scelerisque mauris sit amet eros suspendisse accumsan tortor quis turpis sed ante vivamus tortor duis mattis egestas metus aenean fermentum donec ut mauris eget massa tempor convallis nulla neque libero convallis eget eleifend luctus ultricies eu nibh quisque id justo sit amet sapien dignissim vestibulum vestibulum ante ipsum primis in faucibus orci luctus et ultrices posuere cubilia curae nulla dapibus dolor vel est donec odio justo sollicitudin ut suscipit a feugiat et eros vestibulum ac est lacinia nisi', '2015-01-29', '2017-04-24', '148.30'),
(92, 42, 109, '4903084285', 'sapien cursus vestibulum proin eu mi nulla ac enim in tempor turpis nec euismod scelerisque quam turpis adipiscing lorem vitae mattis nibh ligula nec sem duis aliquam convallis nunc proin at turpis a pede posuere nonummy integer non velit donec diam neque vestibulum eget vulputate ut ultrices vel', '2014-07-06', '2017-07-01', '978.40'),
(93, 118, 24, '3565663583', 'sit amet consectetuer adipiscing elit proin risus praesent lectus vestibulum quam sapien varius', '2017-02-04', '2014-03-12', '272.29'),
(94, 45, 44, '3539403606', 'eget congue eget semper rutrum nulla nunc purus phasellus in felis donec semper sapien a libero nam dui proin leo odio porttitor id consequat in consequat ut nulla sed accumsan felis ut at dolor quis odio consequat varius integer ac leo pellentesque ultrices mattis odio donec vitae nisi nam ultrices libero non mattis pulvinar nulla pede ullamcorper augue a suscipit', '2014-04-16', '2016-10-27', '612.53'),
(95, 83, 20, '3568648382', 'velit vivamus vel nulla eget eros elementum pellentesque quisque porta volutpat erat quisque erat eros viverra eget congue eget semper rutrum nulla nunc purus phasellus in felis donec semper sapien a libero nam dui proin leo odio porttitor id consequat in consequat ut nulla sed accumsan felis ut at dolor quis odio consequat varius integer ac leo pellentesque ultrices mattis odio donec vitae nisi nam ultrices libero non mattis pulvinar nulla pede ullamcorper augue a suscipit nulla', '2015-09-16', '2014-09-11', '132.59'),
(96, 50, 49, '5450570620', 'sem praesent id massa id nisl venenatis lacinia aenean sit amet justo morbi ut odio cras mi pede malesuada in imperdiet et commodo vulputate justo in blandit', '2017-03-25', '2014-06-29', '648.46'),
(97, 32, 97, '3580112017', 'aliquam convallis nunc proin at turpis a pede posuere nonummy integer non velit donec diam neque vestibulum eget vulputate ut ultrices vel augue vestibulum ante ipsum primis in faucibus orci luctus et ultrices posuere cubilia curae donec pharetra magna vestibulum aliquet ultrices erat tortor sollicitudin mi sit amet lobortis sapien sapien non mi integer ac neque duis bibendum morbi non', '2016-10-09', '2016-08-21', '317.73'),
(98, 90, 24, '6763503279', 'luctus et ultrices posuere cubilia curae donec pharetra magna vestibulum aliquet ultrices erat tortor sollicitudin mi sit amet lobortis sapien sapien non mi integer ac neque duis bibendum morbi non quam nec dui luctus rutrum nulla tellus in sagittis dui vel nisl duis ac nibh fusce lacus purus aliquet at feugiat non pretium quis lectus suspendisse potenti in eleifend quam a odio in hac habitasse', '2014-05-16', '2016-08-08', '953.01'),
(99, 36, 69, '4917156003', 'aliquet ultrices erat tortor sollicitudin mi sit amet lobortis sapien sapien non mi integer ac neque duis bibendum morbi non quam nec dui luctus rutrum nulla tellus in sagittis dui vel nisl duis ac nibh fusce lacus purus aliquet at feugiat non pretium quis lectus suspendisse potenti in eleifend quam a odio in hac habitasse platea dictumst maecenas ut massa quis augue luctus tincidunt nulla mollis molestie lorem quisque ut erat curabitur gravida nisi at nibh in hac habitasse platea dictumst aliquam augue quam sollicitudin vitae consectetuer eget rutrum at lorem integer tincidunt', '2017-01-05', '2015-12-15', '726.85'),
(100, 93, 111, '6382954219', 'libero convallis eget eleifend luctus ultricies eu nibh quisque id justo sit amet sapien dignissim vestibulum vestibulum ante ipsum primis in faucibus orci luctus et ultrices posuere cubilia curae nulla dapibus dolor vel est donec odio justo sollicitudin ut suscipit a feugiat et eros vestibulum ac est lacinia nisi venenatis tristique fusce', '2016-04-10', '2016-12-24', '236.38');

-- --------------------------------------------------------

--
-- โครงสร้างตาราง `rp_repair_status`
--

CREATE TABLE IF NOT EXISTS `rp_repair_status` (
  `id` int(11) NOT NULL AUTO_INCREMENT,
  `repair_id` int(11) NOT NULL,
  `status` tinyint(4) NOT NULL,
  `operator_id` int(11) NOT NULL,
  `comment` varchar(1000) NOT NULL,
  `member_id` int(11) NOT NULL,
  `create_date` datetime NOT NULL,
  `cost` decimal(10,2) NOT NULL,
  PRIMARY KEY (`id`)
) ENGINE=MyISAM  DEFAULT CHARSET=utf8 AUTO_INCREMENT=101 ;

--
-- dump ตาราง `rp_repair_status`
--

INSERT INTO `rp_repair_status` (`id`, `repair_id`, `status`, `operator_id`, `comment`, `member_id`, `create_date`, `cost`) VALUES
(1, 102, 1, 83, 'in felis eu sapien cursus vestibulum proin eu mi nulla ac enim in tempor turpis nec euismod scelerisque quam turpis adipiscing lorem vitae mattis nibh ligula nec sem duis aliquam convallis nunc proin at turpis a pede posuere', 1, '2015-10-26 00:00:00', '698.37'),
(2, 72, 1, 67, 'cras mi pede malesuada in imperdiet et commodo vulputate justo in blandit ultrices enim lorem ipsum dolor sit amet consectetuer adipiscing elit proin interdum mauris non ligula', 1, '2014-03-12 00:00:00', '370.36'),
(3, 118, 3, 112, 'tortor sollicitudin mi sit amet lobortis sapien sapien non mi integer ac neque duis bibendum morbi non quam nec dui luctus rutrum nulla tellus in sagittis', 1, '2016-05-02 00:00:00', '357.68'),
(4, 50, 5, 121, 'etiam faucibus cursus urna ut tellus nulla ut erat id mauris vulputate elementum nullam varius nulla facilisi cras non velit nec nisi vulputate nonummy maecenas tincidunt lacus at velit vivamus vel nulla eget eros elementum pellentesque quisque porta volutpat erat quisque erat eros viverra eget congue eget semper rutrum nulla nunc', 1, '2016-05-01 00:00:00', '250.71'),
(5, 89, 4, 60, 'massa id lobortis convallis tortor risus dapibus augue vel accumsan tellus nisi eu orci mauris lacinia sapien quis libero nullam sit amet turpis elementum ligula vehicula consequat morbi a ipsum integer a nibh in quis justo maecenas rhoncus aliquam lacus morbi quis tortor id nulla ultrices aliquet maecenas leo odio condimentum id luctus nec molestie sed justo pellentesque viverra pede ac diam cras pellentesque volutpat dui maecenas tristique est et tempus semper', 1, '2015-02-11 00:00:00', '100.00'),
(6, 114, 7, 34, 'ipsum dolor sit amet consectetuer adipiscing elit proin risus praesent lectus vestibulum quam sapien varius ut blandit non interdum in ante vestibulum ante ipsum primis in faucibus orci luctus et ultrices posuere cubilia curae duis faucibus accumsan', 0, '2017-02-08 00:00:00', '863.82'),
(7, 120, 3, 60, 'nisl duis bibendum felis sed interdum venenatis turpis enim blandit mi in porttitor pede justo eu massa donec dapibus duis at velit eu est congue elementum in hac habitasse platea dictumst morbi vestibulum velit id pretium iaculis diam erat fermentum justo nec condimentum neque sapien placerat ante nulla justo aliquam quis turpis eget elit sodales scelerisque mauris sit amet eros suspendisse accumsan tortor quis', 2, '2015-09-26 00:00:00', '191.79'),
(8, 68, 1, 113, 'mi in porttitor pede justo eu massa donec dapibus duis at velit eu est congue elementum in hac habitasse platea dictumst morbi vestibulum velit id pretium iaculis diam erat fermentum justo nec condimentum neque sapien placerat ante nulla justo aliquam quis turpis eget elit sodales scelerisque mauris sit amet eros suspendisse accumsan tortor quis turpis sed ante vivamus tortor duis mattis egestas metus aenean fermentum donec ut mauris eget massa tempor convallis nulla neque libero convallis eget eleifend', 1, '2014-10-08 00:00:00', '812.43'),
(9, 91, 2, 88, 'luctus et ultrices', 1, '2014-01-06 00:00:00', '136.93'),
(10, 118, 8, 66, 'vestibulum vestibulum ante ipsum primis in faucibus orci luctus et ultrices', 0, '2015-01-13 00:00:00', '300.21'),
(11, 126, 8, 34, 'dui vel nisl duis ac nibh fusce lacus purus aliquet at feugiat non pretium quis lectus', 0, '2015-09-22 00:00:00', '452.06'),
(12, 89, 6, 75, 'non sodales sed tincidunt eu felis fusce posuere felis sed lacus morbi sem mauris laoreet ut rhoncus aliquet pulvinar sed nisl nunc rhoncus dui vel sem sed sagittis nam congue risus semper porta volutpat quam pede lobortis ligula sit amet eleifend pede libero quis orci nullam molestie nibh in lectus pellentesque at nulla suspendisse potenti cras in purus eu magna vulputate luctus cum sociis natoque penatibus et magnis dis parturient montes nascetur ridiculus mus vivamus vestibulum sagittis sapien cum sociis natoque penatibus et magnis dis parturient montes nascetur', 0, '2014-01-10 00:00:00', '415.67'),
(13, 109, 7, 101, 'morbi sem mauris laoreet ut rhoncus aliquet pulvinar sed nisl nunc rhoncus dui vel sem sed sagittis nam congue risus semper porta volutpat quam pede lobortis ligula sit amet eleifend pede libero quis orci nullam molestie nibh in lectus pellentesque at nulla suspendisse potenti cras in purus eu magna vulputate luctus cum sociis natoque penatibus et magnis dis parturient montes nascetur ridiculus mus vivamus vestibulum', 2, '2014-02-17 00:00:00', '249.31'),
(14, 30, 9, 95, 'ligula suspendisse ornare consequat lectus in est risus auctor sed tristique in tempus sit amet sem fusce consequat nulla nisl nunc nisl duis bibendum felis sed interdum venenatis turpis enim blandit mi in porttitor pede justo eu massa donec dapibus duis at velit eu est congue elementum in hac habitasse platea dictumst morbi vestibulum velit id pretium iaculis diam erat fermentum justo nec condimentum neque sapien placerat ante nulla justo aliquam quis', 1, '2016-06-16 00:00:00', '264.34'),
(15, 123, 8, 38, 'pulvinar nulla pede ullamcorper augue a suscipit nulla elit ac nulla sed vel enim sit amet nunc viverra dapibus nulla suscipit ligula in lacus curabitur at ipsum ac tellus semper interdum mauris ullamcorper purus sit amet nulla quisque arcu libero rutrum ac lobortis vel', 1, '2015-03-07 00:00:00', '589.28'),
(16, 38, 1, 117, 'in hac habitasse', 1, '2015-12-18 00:00:00', '810.65'),
(17, 51, 8, 100, 'aliquet ultrices erat tortor sollicitudin mi sit amet lobortis sapien sapien non mi integer ac neque duis bibendum morbi non quam nec dui luctus rutrum nulla tellus in sagittis dui vel nisl duis ac nibh fusce lacus purus aliquet at feugiat non pretium quis lectus suspendisse potenti in eleifend quam a odio in hac habitasse platea dictumst maecenas', 2, '2015-04-12 00:00:00', '475.03'),
(18, 83, 8, 111, 'cubilia curae duis faucibus accumsan odio curabitur convallis duis consequat dui nec nisi volutpat eleifend donec ut dolor morbi vel lectus in quam fringilla rhoncus mauris enim leo rhoncus sed vestibulum sit amet cursus id turpis integer aliquet massa id lobortis convallis tortor risus dapibus augue vel accumsan tellus nisi eu orci mauris lacinia sapien quis libero nullam sit amet turpis elementum ligula vehicula consequat morbi a ipsum integer a nibh in quis justo maecenas rhoncus aliquam lacus morbi quis tortor id nulla ultrices aliquet maecenas leo odio condimentum id luctus nec', 1, '2017-05-09 00:00:00', '875.42'),
(19, 88, 3, 54, 'fringilla rhoncus mauris enim leo rhoncus sed vestibulum sit amet cursus id turpis integer aliquet massa id lobortis convallis tortor risus dapibus augue vel accumsan tellus nisi eu orci mauris lacinia sapien quis libero nullam sit amet turpis elementum ligula vehicula consequat morbi a ipsum integer', 2, '2015-05-31 00:00:00', '363.75'),
(20, 33, 3, 108, 'ut volutpat sapien arcu sed augue aliquam erat volutpat in congue etiam justo etiam pretium iaculis justo in hac habitasse platea dictumst etiam faucibus cursus urna ut tellus nulla ut erat id mauris vulputate elementum nullam varius nulla facilisi cras non velit nec nisi', 2, '2015-11-07 00:00:00', '767.32'),
(21, 75, 1, 54, 'a pede posuere nonummy integer non velit donec diam neque vestibulum eget vulputate ut ultrices vel augue vestibulum ante ipsum primis in faucibus orci luctus et ultrices posuere cubilia curae donec pharetra magna vestibulum aliquet ultrices erat tortor sollicitudin mi sit amet lobortis sapien sapien non mi integer ac neque duis bibendum morbi non quam nec dui luctus rutrum nulla tellus in sagittis dui vel nisl duis ac nibh fusce lacus purus aliquet at feugiat non pretium', 2, '2016-08-10 00:00:00', '941.21'),
(22, 30, 6, 124, 'arcu sed augue aliquam erat volutpat in congue etiam justo etiam pretium iaculis justo in hac habitasse platea dictumst etiam faucibus cursus urna ut tellus nulla ut erat id mauris vulputate elementum nullam varius nulla facilisi cras non velit nec nisi vulputate nonummy maecenas tincidunt lacus at velit vivamus vel nulla eget eros elementum pellentesque quisque porta volutpat erat quisque erat eros viverra eget', 1, '2017-05-03 00:00:00', '691.09'),
(23, 29, 1, 124, 'justo nec condimentum neque sapien placerat ante nulla justo aliquam quis turpis eget elit sodales scelerisque mauris sit amet eros suspendisse accumsan tortor quis turpis sed ante vivamus tortor duis mattis egestas metus aenean fermentum donec ut mauris eget massa tempor convallis nulla neque libero convallis eget eleifend luctus ultricies eu nibh quisque id justo sit amet sapien dignissim vestibulum vestibulum ante ipsum primis in faucibus orci luctus et ultrices posuere cubilia curae nulla dapibus dolor vel est donec odio justo', 2, '2015-09-21 00:00:00', '647.40'),
(24, 91, 5, 119, 'quam turpis adipiscing lorem vitae mattis nibh ligula nec sem duis aliquam convallis nunc proin at turpis a pede posuere nonummy integer non velit donec diam neque vestibulum eget vulputate ut ultrices vel augue vestibulum ante ipsum primis in faucibus orci luctus et ultrices posuere cubilia curae donec pharetra magna vestibulum aliquet ultrices erat tortor sollicitudin mi sit amet lobortis sapien sapien non mi integer ac neque duis bibendum morbi non quam nec dui luctus rutrum nulla tellus in sagittis dui vel nisl duis ac', 2, '2014-06-25 00:00:00', '346.49'),
(25, 114, 6, 39, 'integer ac leo pellentesque ultrices mattis odio donec vitae nisi nam ultrices libero non mattis pulvinar nulla pede ullamcorper augue a suscipit nulla elit ac nulla', 2, '2016-05-12 00:00:00', '475.89'),
(26, 101, 6, 42, 'donec diam neque vestibulum eget vulputate ut ultrices vel augue vestibulum ante ipsum primis in faucibus orci luctus et ultrices posuere cubilia curae donec pharetra magna vestibulum aliquet ultrices erat tortor sollicitudin mi sit amet lobortis sapien sapien non mi integer ac neque duis bibendum morbi non quam nec dui luctus rutrum nulla tellus in sagittis dui vel nisl duis ac nibh fusce lacus purus aliquet at feugiat non pretium quis lectus suspendisse potenti in eleifend quam a odio in hac habitasse platea dictumst maecenas ut massa quis augue luctus tincidunt nulla mollis molestie lorem quisque ut', 2, '2016-08-17 00:00:00', '260.77'),
(27, 65, 6, 96, 'nulla mollis molestie lorem quisque ut erat curabitur gravida nisi at nibh in hac habitasse platea dictumst aliquam augue quam sollicitudin vitae consectetuer eget rutrum at lorem integer tincidunt ante vel ipsum praesent blandit lacinia erat vestibulum sed magna at nunc commodo placerat praesent blandit nam nulla integer pede justo lacinia eget tincidunt eget tempus vel pede morbi porttitor lorem id ligula suspendisse ornare consequat lectus in est risus auctor sed tristique in tempus sit amet sem fusce consequat nulla nisl nunc nisl duis bibendum', 2, '2014-03-21 00:00:00', '312.80'),
(28, 66, 6, 49, 'in libero ut massa volutpat convallis morbi odio odio elementum eu interdum eu tincidunt in leo maecenas pulvinar lobortis est phasellus sit amet erat nulla tempus vivamus in felis eu sapien cursus vestibulum proin eu mi nulla ac enim in tempor turpis nec euismod scelerisque quam turpis adipiscing lorem vitae', 2, '2015-06-16 00:00:00', '284.60'),
(29, 122, 5, 50, 'eleifend luctus ultricies eu nibh quisque id justo sit amet sapien dignissim vestibulum vestibulum ante ipsum primis in faucibus orci luctus et ultrices posuere cubilia curae nulla dapibus dolor vel est donec odio justo', 1, '2014-09-03 00:00:00', '865.39'),
(30, 37, 2, 40, 'et ultrices posuere cubilia curae donec pharetra magna vestibulum aliquet ultrices erat tortor sollicitudin mi sit amet lobortis sapien sapien non mi integer ac neque duis bibendum morbi non quam nec dui luctus rutrum nulla tellus in sagittis dui vel nisl duis ac nibh fusce lacus purus aliquet at feugiat non pretium quis lectus suspendisse potenti in eleifend quam a odio in hac habitasse platea dictumst maecenas ut massa quis augue luctus tincidunt nulla mollis molestie lorem quisque ut erat curabitur gravida nisi at nibh in hac habitasse platea dictumst', 2, '2015-05-16 00:00:00', '693.43'),
(31, 33, 8, 110, 'mattis egestas metus aenean fermentum donec ut mauris eget massa tempor convallis nulla neque libero convallis eget eleifend luctus ultricies eu nibh quisque id justo sit amet sapien dignissim vestibulum vestibulum ante ipsum primis in faucibus orci luctus et ultrices posuere cubilia curae nulla dapibus dolor vel est donec odio justo sollicitudin ut suscipit a feugiat et eros vestibulum ac est lacinia nisi venenatis tristique fusce congue diam', 0, '2016-04-18 00:00:00', '975.42'),
(32, 63, 7, 74, 'cum sociis natoque penatibus et magnis dis parturient montes nascetur ridiculus mus etiam vel augue vestibulum rutrum rutrum neque aenean auctor gravida sem praesent id massa id nisl', 1, '2016-08-11 00:00:00', '897.54'),
(33, 85, 2, 76, '', 0, '2017-06-16 00:00:00', '341.28'),
(34, 86, 2, 116, 'a suscipit nulla elit ac nulla sed vel enim sit amet nunc viverra dapibus', 0, '2015-07-08 00:00:00', '966.81'),
(35, 37, 5, 82, 'tellus in sagittis dui vel nisl duis ac nibh fusce lacus purus aliquet at feugiat non pretium quis lectus suspendisse', 2, '2016-01-20 00:00:00', '35.42'),
(36, 124, 6, 123, 'at turpis a pede posuere nonummy integer non velit donec diam neque vestibulum eget vulputate ut ultrices vel augue vestibulum ante ipsum primis in faucibus orci luctus et ultrices posuere cubilia curae donec pharetra magna vestibulum aliquet ultrices erat tortor sollicitudin mi sit amet lobortis sapien sapien non mi integer ac neque duis bibendum morbi non quam nec dui luctus rutrum nulla tellus in sagittis dui vel nisl duis ac nibh fusce lacus purus aliquet at feugiat non pretium quis lectus suspendisse potenti in eleifend quam a odio in hac habitasse platea dictumst', 1, '2014-12-01 00:00:00', '807.94'),
(37, 123, 8, 82, 'rutrum neque aenean auctor gravida sem praesent id massa id nisl venenatis lacinia aenean sit amet justo morbi ut odio cras mi pede malesuada in imperdiet et commodo vulputate justo in blandit ultrices enim lorem ipsum dolor sit amet consectetuer adipiscing elit proin interdum mauris non ligula pellentesque ultrices phasellus id sapien in sapien iaculis congue vivamus metus arcu adipiscing molestie hendrerit at vulputate vitae nisl aenean lectus pellentesque eget nunc donec quis orci eget orci vehicula condimentum curabitur in libero ut', 2, '2014-03-13 00:00:00', '857.17'),
(38, 107, 2, 47, 'augue vel accumsan tellus nisi eu orci mauris lacinia sapien quis libero nullam sit amet turpis elementum ligula vehicula consequat morbi a ipsum integer a nibh in quis', 2, '2017-04-25 00:00:00', '630.13'),
(39, 99, 3, 78, 'sodales scelerisque mauris sit amet eros suspendisse accumsan tortor quis turpis sed ante vivamus tortor duis mattis egestas metus aenean fermentum donec ut mauris eget massa tempor convallis nulla neque libero convallis eget eleifend luctus ultricies eu nibh quisque id justo sit amet sapien dignissim vestibulum vestibulum ante ipsum primis in faucibus orci luctus et ultrices posuere cubilia curae nulla dapibus dolor vel est donec odio justo sollicitudin ut suscipit a feugiat et eros vestibulum ac est', 0, '2015-02-21 00:00:00', '627.29'),
(40, 70, 3, 59, 'ultrices posuere cubilia curae nulla dapibus dolor vel est donec odio justo sollicitudin ut suscipit a feugiat et eros vestibulum ac est lacinia nisi venenatis tristique fusce congue diam id ornare imperdiet sapien urna pretium nisl ut volutpat sapien arcu sed augue aliquam erat volutpat in congue etiam justo etiam pretium iaculis justo in hac habitasse platea dictumst etiam faucibus cursus urna ut tellus nulla ut erat id mauris vulputate elementum nullam varius nulla facilisi cras non velit nec nisi vulputate nonummy maecenas tincidunt lacus at velit vivamus vel nulla eget eros elementum pellentesque quisque porta', 1, '2014-08-03 00:00:00', '224.80'),
(41, 113, 7, 69, 'in imperdiet et commodo vulputate justo in blandit ultrices enim lorem ipsum dolor sit amet consectetuer adipiscing elit proin interdum mauris non ligula pellentesque ultrices phasellus id sapien in sapien iaculis congue vivamus metus arcu adipiscing molestie hendrerit at vulputate vitae nisl aenean lectus pellentesque eget nunc donec quis orci eget orci vehicula condimentum curabitur in libero ut massa volutpat convallis morbi odio odio elementum eu interdum eu tincidunt in leo maecenas pulvinar lobortis est phasellus sit amet erat nulla tempus vivamus in felis eu sapien cursus vestibulum proin eu mi nulla ac enim', 1, '2014-09-15 00:00:00', '913.92'),
(42, 71, 4, 107, 'sit amet', 2, '2016-04-29 00:00:00', '138.07'),
(43, 61, 6, 92, 'eleifend donec ut dolor morbi vel lectus in quam fringilla rhoncus mauris enim leo rhoncus sed vestibulum sit amet cursus id turpis integer aliquet massa id lobortis convallis tortor risus dapibus augue vel accumsan tellus nisi eu orci mauris lacinia sapien quis libero nullam sit', 2, '2016-10-05 00:00:00', '490.21'),
(44, 100, 3, 88, 'augue luctus tincidunt nulla mollis molestie lorem quisque ut erat curabitur gravida nisi at nibh in hac habitasse platea dictumst aliquam augue quam sollicitudin vitae consectetuer eget rutrum at lorem integer tincidunt ante vel ipsum praesent blandit lacinia erat vestibulum sed magna at nunc commodo placerat praesent blandit nam nulla integer pede justo lacinia eget tincidunt eget tempus vel pede morbi porttitor lorem id ligula suspendisse ornare consequat lectus in est risus auctor sed tristique in tempus sit amet sem fusce consequat nulla nisl nunc nisl duis bibendum felis sed interdum venenatis turpis enim blandit mi in', 0, '2015-11-17 00:00:00', '137.53'),
(45, 60, 4, 117, 'est lacinia nisi venenatis tristique', 2, '2016-01-02 00:00:00', '627.56'),
(46, 75, 7, 112, 'erat curabitur gravida nisi at nibh in hac habitasse platea dictumst aliquam augue quam sollicitudin vitae consectetuer eget rutrum at lorem integer tincidunt ante vel ipsum praesent blandit lacinia erat vestibulum sed magna at nunc commodo placerat praesent blandit nam nulla integer pede justo lacinia eget tincidunt eget tempus vel', 2, '2014-02-02 00:00:00', '289.22'),
(47, 119, 3, 39, 'mauris', 0, '2016-08-09 00:00:00', '764.67'),
(48, 89, 5, 82, 'sapien dignissim vestibulum vestibulum ante ipsum primis in faucibus orci luctus et ultrices posuere cubilia curae nulla dapibus dolor vel est donec odio justo sollicitudin ut suscipit a feugiat et eros vestibulum ac est lacinia nisi venenatis tristique fusce congue diam id ornare imperdiet sapien urna pretium nisl ut volutpat sapien arcu sed augue aliquam erat volutpat in congue etiam justo etiam pretium iaculis justo in hac habitasse platea dictumst etiam faucibus cursus urna ut tellus nulla ut erat id mauris vulputate elementum nullam varius', 2, '2014-08-20 00:00:00', '175.58'),
(49, 117, 1, 74, 'vitae ipsum aliquam non mauris morbi non lectus aliquam sit amet diam in magna bibendum imperdiet nullam orci pede venenatis non sodales sed tincidunt eu felis fusce posuere felis sed lacus morbi sem mauris laoreet ut rhoncus aliquet pulvinar sed nisl nunc rhoncus dui vel sem sed sagittis nam congue risus semper porta volutpat quam pede lobortis ligula sit amet eleifend pede libero quis orci nullam molestie nibh in lectus pellentesque at nulla suspendisse potenti cras in purus eu magna vulputate luctus cum sociis natoque penatibus et magnis dis', 0, '2015-02-27 00:00:00', '789.31'),
(50, 91, 3, 55, 'ut ultrices vel augue vestibulum ante ipsum primis in faucibus orci luctus et ultrices posuere cubilia curae donec pharetra magna vestibulum aliquet ultrices erat tortor sollicitudin mi sit amet lobortis sapien sapien non mi integer ac neque duis bibendum morbi non quam nec dui luctus rutrum nulla tellus in sagittis dui vel nisl duis ac nibh fusce lacus purus aliquet at feugiat non pretium quis lectus suspendisse potenti in eleifend quam a odio in hac habitasse platea dictumst maecenas ut massa quis augue luctus tincidunt nulla', 0, '2014-02-15 00:00:00', '410.05'),
(51, 88, 4, 122, 'volutpat sapien arcu sed augue aliquam erat volutpat in congue etiam justo etiam pretium iaculis justo in hac habitasse platea dictumst etiam faucibus cursus urna ut tellus nulla ut erat id mauris vulputate elementum nullam varius nulla facilisi cras non velit nec nisi vulputate nonummy maecenas tincidunt lacus', 0, '2014-03-10 00:00:00', '133.83'),
(52, 76, 3, 93, 'vestibulum quam sapien varius ut blandit non interdum in ante vestibulum ante ipsum primis in faucibus orci luctus et ultrices posuere cubilia curae duis faucibus accumsan odio curabitur convallis duis consequat dui nec nisi volutpat eleifend donec ut dolor morbi vel lectus in quam fringilla rhoncus mauris enim leo', 0, '2015-04-03 00:00:00', '66.65'),
(53, 77, 8, 71, 'interdum eu tincidunt in leo maecenas pulvinar lobortis est phasellus sit amet erat nulla tempus vivamus in felis eu sapien cursus vestibulum proin eu mi nulla ac enim in tempor turpis nec euismod scelerisque quam turpis adipiscing lorem vitae mattis nibh ligula nec sem duis aliquam convallis', 0, '2014-11-08 00:00:00', '856.12'),
(54, 92, 8, 120, 'sem mauris laoreet ut rhoncus aliquet pulvinar sed nisl nunc rhoncus dui vel sem sed sagittis nam congue risus semper porta volutpat quam pede lobortis ligula sit amet eleifend pede libero quis orci nullam molestie nibh in lectus pellentesque at nulla suspendisse', 1, '2014-05-13 00:00:00', '82.77'),
(55, 47, 1, 130, 'metus aenean fermentum donec ut mauris eget massa tempor convallis nulla neque libero convallis eget eleifend luctus ultricies eu nibh quisque id justo sit amet sapien dignissim vestibulum vestibulum ante ipsum primis in faucibus orci luctus et ultrices posuere cubilia curae nulla dapibus dolor vel est donec odio justo sollicitudin ut suscipit a feugiat et eros vestibulum ac est lacinia nisi venenatis tristique fusce congue diam id ornare imperdiet sapien urna pretium nisl ut volutpat sapien arcu sed augue aliquam erat volutpat in congue etiam justo etiam pretium iaculis justo in hac habitasse platea dictumst etiam faucibus cursus', 1, '2015-10-11 00:00:00', '668.00'),
(56, 97, 4, 110, 'lectus suspendisse potenti in eleifend quam a odio in hac habitasse platea dictumst maecenas ut massa quis augue luctus tincidunt nulla mollis molestie lorem quisque ut erat curabitur gravida nisi at nibh in hac habitasse platea dictumst aliquam augue quam', 0, '2016-09-22 00:00:00', '581.64'),
(57, 37, 9, 99, 'elementum pellentesque quisque porta volutpat erat quisque erat eros viverra eget congue eget semper rutrum nulla nunc purus phasellus in felis donec semper sapien a libero nam dui proin leo odio porttitor id consequat in consequat ut nulla sed accumsan felis ut at dolor quis odio consequat varius integer ac leo pellentesque ultrices mattis odio donec vitae nisi nam ultrices libero non mattis pulvinar nulla pede ullamcorper augue a suscipit nulla elit ac nulla sed vel enim sit amet nunc viverra dapibus nulla suscipit ligula in lacus curabitur', 0, '2016-12-04 00:00:00', '231.01'),
(58, 115, 6, 67, 'amet justo morbi ut odio cras mi pede malesuada in imperdiet et commodo vulputate justo in blandit ultrices enim lorem ipsum dolor sit amet consectetuer adipiscing elit proin interdum mauris non ligula pellentesque ultrices phasellus id sapien in sapien iaculis congue vivamus metus arcu adipiscing molestie hendrerit at vulputate vitae nisl aenean lectus pellentesque eget nunc donec quis orci eget orci vehicula condimentum', 0, '2016-06-12 00:00:00', '998.75'),
(59, 48, 9, 112, 'massa quis augue luctus tincidunt nulla mollis molestie lorem quisque ut erat curabitur gravida nisi at nibh in hac habitasse platea dictumst aliquam augue quam sollicitudin vitae consectetuer eget rutrum at lorem integer tincidunt ante vel ipsum praesent blandit lacinia erat vestibulum sed', 0, '2015-08-31 00:00:00', '429.23'),
(60, 79, 2, 90, 'sit amet nulla quisque', 1, '2016-01-19 00:00:00', '654.62'),
(61, 55, 8, 92, 'est congue elementum in hac habitasse platea dictumst morbi vestibulum velit id pretium iaculis diam erat fermentum justo nec condimentum neque sapien placerat ante nulla justo aliquam quis turpis eget elit sodales scelerisque mauris sit amet eros suspendisse accumsan tortor quis turpis sed ante vivamus tortor duis mattis egestas metus aenean fermentum donec ut mauris eget massa tempor convallis nulla neque libero convallis eget eleifend luctus ultricies eu nibh quisque id justo sit amet sapien dignissim', 0, '2016-11-19 00:00:00', '988.63'),
(62, 117, 2, 131, 'sociis natoque penatibus et magnis dis parturient montes nascetur ridiculus mus vivamus vestibulum sagittis sapien cum sociis natoque penatibus et magnis dis parturient montes nascetur ridiculus mus', 0, '2016-07-28 00:00:00', '671.70'),
(63, 32, 3, 83, 'facilisi cras non velit nec nisi vulputate nonummy maecenas tincidunt lacus at velit vivamus vel nulla eget eros elementum pellentesque quisque porta volutpat erat quisque erat eros viverra eget congue eget semper rutrum nulla nunc purus phasellus in felis donec semper sapien a libero nam dui proin leo', 1, '2014-01-19 00:00:00', '157.53'),
(64, 113, 7, 38, 'ut suscipit a feugiat et eros vestibulum ac est lacinia nisi venenatis tristique fusce congue diam id ornare imperdiet sapien urna pretium nisl ut volutpat sapien arcu sed augue aliquam erat volutpat in congue etiam justo etiam pretium iaculis justo in hac habitasse platea dictumst etiam faucibus cursus urna ut tellus nulla ut erat id mauris vulputate elementum nullam varius nulla facilisi', 1, '2015-08-19 00:00:00', '81.65'),
(65, 71, 2, 41, 'sociis natoque penatibus et magnis dis parturient montes nascetur ridiculus mus vivamus vestibulum sagittis sapien', 2, '2015-12-08 00:00:00', '371.69'),
(66, 117, 9, 32, 'pede justo eu massa donec dapibus duis at velit eu est congue elementum in hac habitasse platea dictumst morbi vestibulum velit id pretium iaculis diam erat fermentum justo nec condimentum neque sapien placerat ante nulla justo aliquam quis turpis eget elit sodales scelerisque mauris sit', 2, '2016-01-16 00:00:00', '840.20'),
(67, 98, 6, 83, 'ante ipsum primis in faucibus', 1, '2015-03-05 00:00:00', '153.00'),
(68, 52, 9, 108, 'ultrices phasellus id sapien in sapien iaculis congue vivamus metus arcu adipiscing molestie hendrerit at vulputate vitae nisl aenean lectus pellentesque eget nunc donec quis orci eget orci vehicula condimentum curabitur in libero ut massa volutpat', 0, '2014-08-08 00:00:00', '57.21'),
(69, 68, 2, 60, 'pharetra magna vestibulum aliquet ultrices erat tortor sollicitudin mi sit amet lobortis sapien sapien non mi', 1, '2015-01-16 00:00:00', '368.89'),
(70, 38, 7, 47, 'enim lorem ipsum dolor sit amet consectetuer adipiscing elit proin interdum mauris non ligula pellentesque ultrices phasellus id sapien in sapien iaculis congue vivamus metus arcu adipiscing', 2, '2016-12-19 00:00:00', '261.58'),
(71, 46, 9, 114, 'duis bibendum felis sed interdum venenatis turpis enim blandit mi in porttitor pede justo eu massa donec dapibus duis at velit eu est congue elementum in hac habitasse platea dictumst morbi vestibulum velit id pretium iaculis diam erat fermentum justo nec condimentum neque sapien placerat ante nulla justo aliquam quis turpis eget elit sodales scelerisque mauris sit amet eros suspendisse accumsan tortor quis turpis sed ante vivamus tortor duis mattis egestas metus aenean fermentum donec ut mauris eget', 1, '2017-04-23 00:00:00', '292.92'),
(72, 112, 1, 49, 'id massa id nisl venenatis lacinia aenean sit amet justo morbi ut odio cras mi pede malesuada in imperdiet et commodo vulputate justo in blandit ultrices enim lorem ipsum dolor sit amet consectetuer adipiscing elit proin interdum mauris non ligula pellentesque ultrices phasellus id sapien in sapien iaculis congue vivamus metus arcu adipiscing molestie hendrerit at vulputate vitae nisl aenean lectus pellentesque eget nunc donec quis', 1, '2016-04-03 00:00:00', '629.59'),
(73, 39, 9, 80, 'quam a odio in hac habitasse platea dictumst maecenas ut massa quis augue luctus tincidunt nulla mollis molestie lorem quisque ut erat curabitur gravida nisi at nibh in hac habitasse platea', 1, '2015-09-14 00:00:00', '285.45'),
(74, 102, 6, 114, 'sapien non mi integer ac neque duis bibendum morbi non quam nec dui luctus rutrum nulla tellus in sagittis dui vel nisl duis ac nibh fusce lacus purus aliquet at feugiat non pretium quis lectus suspendisse potenti in eleifend quam a odio in hac habitasse platea dictumst maecenas ut massa quis augue luctus tincidunt nulla mollis molestie lorem quisque ut erat', 1, '2016-06-29 00:00:00', '625.50'),
(75, 90, 7, 57, 'morbi sem mauris laoreet ut rhoncus aliquet pulvinar sed nisl nunc rhoncus dui vel sem sed sagittis nam congue risus semper porta volutpat quam pede lobortis ligula sit amet eleifend pede libero quis orci nullam molestie nibh in lectus pellentesque at', 1, '2015-03-07 00:00:00', '220.83'),
(76, 108, 3, 85, 'primis in faucibus orci luctus et ultrices posuere cubilia curae donec pharetra magna vestibulum aliquet ultrices erat tortor sollicitudin mi sit amet lobortis sapien sapien non mi integer ac neque duis bibendum morbi non quam nec dui luctus rutrum nulla tellus in sagittis dui vel nisl duis ac nibh fusce lacus purus aliquet at feugiat non pretium quis lectus suspendisse potenti in eleifend', 2, '2016-08-25 00:00:00', '426.53'),
(77, 90, 2, 117, 'dictumst maecenas ut massa quis augue luctus tincidunt nulla mollis molestie lorem quisque ut erat curabitur gravida nisi at nibh in hac habitasse platea dictumst aliquam augue quam sollicitudin vitae consectetuer eget rutrum at lorem integer tincidunt ante vel ipsum praesent blandit lacinia erat vestibulum sed magna at nunc commodo placerat praesent blandit nam nulla integer pede', 2, '2016-11-26 00:00:00', '678.69'),
(78, 120, 5, 126, 'nunc purus phasellus in felis donec semper sapien a libero nam dui proin leo odio porttitor id consequat in consequat ut nulla sed accumsan felis ut at dolor quis odio consequat varius integer ac leo pellentesque ultrices mattis odio donec vitae nisi nam ultrices libero non mattis pulvinar nulla pede ullamcorper augue a suscipit nulla', 1, '2015-08-14 00:00:00', '395.71'),
(79, 103, 3, 42, 'tincidunt nulla mollis molestie lorem quisque ut erat curabitur gravida nisi at nibh in hac habitasse', 0, '2015-02-15 00:00:00', '855.95'),
(80, 69, 4, 54, 'lacinia erat vestibulum sed magna at nunc commodo placerat praesent blandit nam nulla integer pede justo lacinia eget tincidunt eget tempus vel pede morbi porttitor lorem id ligula suspendisse ornare consequat lectus in est risus auctor sed tristique in tempus sit amet sem fusce consequat nulla nisl nunc nisl duis bibendum felis sed interdum venenatis turpis enim blandit mi in porttitor pede justo eu massa donec dapibus duis at velit eu est congue elementum in hac habitasse platea dictumst', 2, '2016-12-12 00:00:00', '13.27'),
(81, 38, 4, 103, 'laoreet ut rhoncus aliquet pulvinar sed nisl nunc rhoncus dui vel sem sed sagittis nam congue risus semper porta volutpat quam pede lobortis ligula sit amet eleifend pede libero quis orci nullam molestie nibh in lectus pellentesque at nulla suspendisse potenti cras in purus eu magna vulputate luctus cum sociis natoque penatibus et magnis dis parturient montes nascetur ridiculus mus vivamus vestibulum sagittis sapien cum sociis natoque penatibus et magnis dis parturient montes nascetur ridiculus mus etiam vel augue vestibulum rutrum rutrum neque aenean auctor gravida sem praesent id massa id nisl venenatis lacinia aenean sit amet justo morbi', 2, '2014-07-04 00:00:00', '83.10'),
(82, 127, 1, 113, 'purus aliquet at feugiat non pretium quis lectus suspendisse potenti in eleifend quam a odio in hac habitasse platea dictumst maecenas ut massa quis augue luctus tincidunt nulla mollis molestie lorem quisque ut erat curabitur gravida', 2, '2014-04-15 00:00:00', '758.51'),
(83, 31, 3, 56, 'ipsum', 0, '2015-03-11 00:00:00', '63.59'),
(84, 66, 7, 121, 'varius ut blandit non interdum in ante vestibulum ante ipsum primis in faucibus orci luctus et ultrices posuere cubilia curae duis faucibus accumsan odio curabitur convallis duis consequat dui nec nisi volutpat eleifend donec ut dolor morbi vel lectus in quam fringilla rhoncus mauris enim leo rhoncus sed vestibulum sit', 2, '2016-05-16 00:00:00', '63.52'),
(85, 93, 3, 45, 'luctus et ultrices posuere cubilia curae', 0, '2016-04-01 00:00:00', '200.78'),
(86, 107, 4, 41, 'amet eros suspendisse accumsan tortor quis turpis sed ante vivamus tortor duis mattis egestas metus aenean fermentum donec ut mauris eget massa tempor convallis nulla neque libero convallis eget eleifend luctus ultricies eu nibh quisque id justo sit amet sapien dignissim vestibulum vestibulum ante ipsum primis in faucibus orci luctus et ultrices', 1, '2015-12-16 00:00:00', '882.69'),
(87, 120, 4, 97, 'congue diam id ornare imperdiet sapien urna pretium nisl ut volutpat sapien', 2, '2016-03-05 00:00:00', '90.52'),
(88, 52, 2, 67, 'libero nam dui proin leo odio porttitor id consequat in consequat ut nulla sed accumsan felis ut at dolor quis odio consequat varius integer ac leo pellentesque ultrices mattis odio donec vitae nisi nam ultrices libero non mattis pulvinar nulla pede ullamcorper augue a suscipit nulla elit ac nulla', 1, '2016-01-21 00:00:00', '403.83'),
(89, 104, 9, 97, 'eget elit sodales scelerisque mauris sit amet eros suspendisse accumsan tortor quis turpis sed ante vivamus tortor duis mattis egestas metus aenean fermentum donec', 1, '2015-05-31 00:00:00', '513.53'),
(90, 42, 4, 118, 'tempus semper est quam pharetra magna ac consequat metus sapien ut nunc vestibulum ante ipsum primis in faucibus orci luctus et ultrices posuere cubilia curae mauris viverra diam vitae quam suspendisse potenti nullam porttitor lacus at turpis donec posuere metus vitae ipsum aliquam non mauris morbi non lectus aliquam sit amet diam in magna bibendum imperdiet nullam orci pede venenatis non sodales sed tincidunt eu felis fusce posuere felis sed lacus morbi sem mauris laoreet ut rhoncus aliquet pulvinar sed nisl nunc rhoncus dui vel sem sed sagittis nam congue', 1, '2016-07-12 00:00:00', '942.78'),
(91, 65, 9, 129, '', 1, '2016-09-18 00:00:00', '678.83'),
(92, 101, 4, 128, 'ipsum primis in faucibus orci luctus et ultrices posuere cubilia curae donec pharetra magna vestibulum aliquet ultrices erat tortor sollicitudin mi sit amet lobortis sapien sapien non mi integer ac neque duis bibendum morbi', 0, '2014-08-04 00:00:00', '427.71'),
(93, 117, 7, 35, 'mattis odio donec vitae nisi nam ultrices libero non mattis pulvinar nulla pede ullamcorper augue a suscipit nulla elit ac nulla sed vel enim sit amet nunc viverra dapibus nulla suscipit ligula in lacus curabitur at ipsum ac tellus semper interdum mauris ullamcorper purus sit amet nulla quisque arcu libero rutrum', 0, '2016-02-11 00:00:00', '323.42'),
(94, 31, 5, 81, 'quam fringilla rhoncus mauris enim leo rhoncus sed vestibulum sit amet cursus id turpis integer aliquet massa id lobortis convallis tortor risus dapibus augue vel accumsan tellus nisi eu orci mauris lacinia sapien quis libero nullam sit amet turpis elementum ligula vehicula consequat morbi a ipsum integer a nibh in quis justo maecenas rhoncus aliquam lacus morbi quis tortor id nulla ultrices aliquet maecenas leo odio condimentum id luctus nec molestie sed justo pellentesque viverra pede ac diam cras pellentesque volutpat dui maecenas tristique est et tempus semper est quam pharetra magna', 1, '2015-09-14 00:00:00', '549.39'),
(95, 80, 8, 39, 'quam suspendisse potenti nullam porttitor lacus at turpis donec posuere metus vitae ipsum aliquam non mauris morbi non lectus aliquam sit amet diam in magna bibendum imperdiet nullam orci pede venenatis non sodales sed tincidunt eu felis fusce posuere felis sed lacus morbi sem mauris laoreet ut rhoncus aliquet pulvinar sed nisl nunc rhoncus dui vel sem sed sagittis nam congue risus semper porta volutpat quam pede lobortis', 2, '2015-03-12 00:00:00', '789.40'),
(96, 28, 6, 50, 'justo sit amet sapien dignissim', 0, '2015-12-16 00:00:00', '638.97'),
(97, 94, 9, 35, 'erat fermentum justo nec condimentum neque sapien placerat ante nulla justo aliquam quis turpis eget elit sodales scelerisque mauris sit amet eros suspendisse accumsan tortor quis turpis sed ante vivamus tortor duis mattis egestas metus aenean fermentum donec ut mauris eget massa tempor convallis nulla neque libero convallis eget eleifend luctus ultricies eu nibh quisque id', 1, '2014-07-31 00:00:00', '74.54'),
(98, 72, 2, 129, 'vel nisl duis ac nibh fusce lacus purus aliquet at feugiat non pretium quis lectus suspendisse potenti in eleifend quam a', 1, '2015-04-11 00:00:00', '19.57'),
(99, 63, 4, 107, 'donec quis orci eget orci vehicula condimentum curabitur in libero ut massa volutpat convallis morbi odio odio elementum eu interdum eu tincidunt in leo maecenas pulvinar lobortis est phasellus sit amet erat nulla tempus vivamus in felis eu sapien cursus vestibulum proin eu mi nulla ac enim in tempor turpis nec euismod scelerisque quam turpis adipiscing lorem vitae mattis nibh ligula nec sem', 0, '2014-09-18 00:00:00', '564.03'),
(100, 52, 2, 110, 'metus sapien ut nunc vestibulum ante ipsum primis in faucibus orci luctus et ultrices posuere cubilia curae mauris viverra diam vitae quam suspendisse potenti nullam porttitor lacus at turpis donec posuere metus vitae ipsum aliquam non mauris morbi non lectus aliquam sit amet diam in magna bibendum imperdiet nullam orci pede venenatis non sodales sed tincidunt eu felis fusce', 2, '2014-04-24 00:00:00', '698.18');

-- --------------------------------------------------------

--
-- โครงสร้างตาราง `rp_user`
--

CREATE TABLE IF NOT EXISTS `rp_user` (
  `id` int(11) NOT NULL AUTO_INCREMENT,
  `username` varchar(50) COLLATE utf8_unicode_ci NOT NULL,
  `password` varchar(40) COLLATE utf8_unicode_ci NOT NULL,
  `status` tinyint(1) NOT NULL,
  `permission` text COLLATE utf8_unicode_ci NOT NULL,
  `name` varchar(100) COLLATE utf8_unicode_ci NOT NULL,
  `sex` varchar(1) COLLATE utf8_unicode_ci DEFAULT NULL,
  `id_card` varchar(13) COLLATE utf8_unicode_ci DEFAULT NULL,
  `expire_date` date NOT NULL,
  `address` varchar(64) COLLATE utf8_unicode_ci DEFAULT NULL,
  `phone` varchar(32) COLLATE utf8_unicode_ci DEFAULT NULL,
  `provinceID` varchar(3) COLLATE utf8_unicode_ci DEFAULT NULL,
  `zipcode` varchar(10) COLLATE utf8_unicode_ci DEFAULT NULL,
  `visited` int(11) NOT NULL,
  `lastvisited` int(11) NOT NULL,
  `session_id` varchar(255) COLLATE utf8_unicode_ci DEFAULT NULL,
  `ip` varchar(255) COLLATE utf8_unicode_ci DEFAULT NULL,
  `create_date` datetime NOT NULL,
  PRIMARY KEY (`id`)
) ENGINE=MyISAM  DEFAULT CHARSET=utf8 COLLATE=utf8_unicode_ci AUTO_INCREMENT=132 ;

--
-- dump ตาราง `rp_user`
--

INSERT INTO `rp_user` (`id`, `username`, `password`, `status`, `permission`, `name`, `sex`, `id_card`, `expire_date`, `address`, `phone`, `provinceID`, `zipcode`, `visited`, `lastvisited`, `session_id`, `ip`, `create_date`) VALUES
(1, 'admin@goragod.com', '5e22d0edeb774764607083bbdea4032fa2468119', 1, 'can_config,can_login,can_repair', 'แอดมิน', 'm', '', '1899-11-30', '1 หมู่ 1 ตำบล ลาดหญ้า อำเภอ เมือง', '08080808', '102', '71190', 86, 1499143102, '72f5jv4qn9gsgjs86f13n9gn00', '110.171.14.23', '0000-00-00 00:00:00'),
(3, 'demo2@localhost', '0b2ef6a36e84d6bc63c403aee3a1f5feb4a5232e', 2, 'can_login,can_repair', 'ช่างซ่อม 2', 'f', '', '0000-00-00', '', '0123456789', '101', '', 0, 0, NULL, NULL, '2017-07-02 08:11:21'),
(2, 'demo@localhost', 'db75cdf3d5e77181ec3ed6072b56a8870eb6822d', 2, 'can_login,can_repair', 'ช่างซ่อม 1', 'f', '', '0000-00-00', '', '0123456788', '101', '', 21, 1499124076, 'nhmshndjgk9f09qc6390s1nnd4', '110.171.14.23', '2017-07-02 08:10:30'),
(32, '', '', 0, '', 'Florian Skaif', 'F', NULL, '0000-00-00', '0 Westridge Lane', '351-(562)383-8789', '147', '27534', 0, 0, NULL, NULL, '0000-00-00 00:00:00'),
(33, '', '', 0, '', 'Gnni MacKerley', 'M', NULL, '0000-00-00', '3 Stuart Lane', '1-(860)926-3307', '147', '49016', 0, 0, NULL, NULL, '0000-00-00 00:00:00'),
(34, '', '', 0, '', 'Vivian Swansborough', 'M', NULL, '0000-00-00', '383 Grover Park', '389-(254)358-2203', '111', '99648', 0, 0, NULL, NULL, '0000-00-00 00:00:00'),
(35, '', '', 0, '', 'Dixie MacPeice', 'F', NULL, '0000-00-00', '81836 Susan Circle', '62-(607)632-7552', '149', '38359', 0, 0, NULL, NULL, '0000-00-00 00:00:00'),
(36, '', '', 0, '', 'Cristin Lunck', 'M', NULL, '0000-00-00', '1 Hauk Hill', '55-(331)386-9948', '109', '21470', 0, 0, NULL, NULL, '0000-00-00 00:00:00'),
(37, '', '', 0, '', 'Reube Derges', 'M', NULL, '0000-00-00', '082 Stephen Pass', '63-(261)812-0053', '125', '71635', 0, 0, NULL, NULL, '0000-00-00 00:00:00'),
(38, '', '', 0, '', 'Henryetta Makiver', 'F', NULL, '0000-00-00', '76253 Judy Plaza', '55-(555)806-0733', '106', '83089', 0, 0, NULL, NULL, '0000-00-00 00:00:00'),
(39, '', '', 0, '', 'Aida Creebo', 'F', NULL, '0000-00-00', '7611 Grover Trail', '62-(417)459-3453', '113', '71779', 0, 0, NULL, NULL, '0000-00-00 00:00:00'),
(40, '', '', 0, '', 'Romy Sizzey', 'F', NULL, '0000-00-00', '1 Petterle Road', '44-(947)817-2810', '116', '80359', 0, 0, NULL, NULL, '0000-00-00 00:00:00'),
(41, '', '', 0, '', 'Knox Lydden', 'M', NULL, '0000-00-00', '57298 Springs Way', '420-(585)108-2375', '141', '58723', 0, 0, NULL, NULL, '0000-00-00 00:00:00'),
(42, '', '', 0, '', 'Zane Dickens', 'F', NULL, '0000-00-00', '38907 Mallard Junction', '251-(644)845-8071', '108', '60327', 0, 0, NULL, NULL, '0000-00-00 00:00:00'),
(43, '', '', 0, '', 'Dorice Cettell', 'M', NULL, '0000-00-00', '338 Wayridge Center', '62-(568)398-4959', '167', '51189', 0, 0, NULL, NULL, '0000-00-00 00:00:00'),
(44, '', '', 0, '', 'Agustin Mylchreest', 'M', NULL, '0000-00-00', '53349 Ridgeview Alley', '54-(259)667-8801', '168', '34528', 0, 0, NULL, NULL, '0000-00-00 00:00:00'),
(45, '', '', 0, '', 'Godiva Billam', 'M', NULL, '0000-00-00', '6 Rieder Court', '62-(768)597-1219', '160', '35233', 0, 0, NULL, NULL, '0000-00-00 00:00:00'),
(46, '', '', 0, '', 'Giulia Van Velden', 'F', NULL, '0000-00-00', '25 Parkside Trail', '51-(775)995-2424', '125', '59942', 0, 0, NULL, NULL, '0000-00-00 00:00:00'),
(47, '', '', 0, '', 'Katharine Winning', 'F', NULL, '0000-00-00', '07632 Utah Hill', '55-(486)856-1949', '121', '93658', 0, 0, NULL, NULL, '0000-00-00 00:00:00'),
(48, '', '', 0, '', 'Hayley Spikins', 'M', NULL, '0000-00-00', '0806 Carberry Court', '63-(151)769-0450', '166', '36629', 0, 0, NULL, NULL, '0000-00-00 00:00:00'),
(49, '', '', 0, '', 'Claudie Shalloe', 'M', NULL, '0000-00-00', '53 Rigney Pass', '48-(909)419-3306', '161', '63596', 0, 0, NULL, NULL, '0000-00-00 00:00:00'),
(50, '', '', 0, '', 'Micky Goldthorp', 'F', NULL, '0000-00-00', '42 Harbort Avenue', '86-(164)843-5338', '148', '63684', 0, 0, NULL, NULL, '0000-00-00 00:00:00'),
(51, '', '', 0, '', 'Lucien Martlew', 'M', NULL, '0000-00-00', '5151 Forest Run Alley', '55-(125)619-4521', '107', '57069', 0, 0, NULL, NULL, '0000-00-00 00:00:00'),
(52, '', '', 0, '', 'Mario Baulch', 'F', NULL, '0000-00-00', '0 Brickson Park Circle', '64-(682)767-1432', '145', '86700', 0, 0, NULL, NULL, '0000-00-00 00:00:00'),
(53, '', '', 0, '', 'Wendall Rawling', 'F', NULL, '0000-00-00', '6 Service Alley', '55-(138)914-8440', '126', '70312', 0, 0, NULL, NULL, '0000-00-00 00:00:00'),
(54, '', '', 0, '', 'Kimmie O''Doherty', 'M', NULL, '0000-00-00', '696 Golden Leaf Drive', '86-(388)537-6879', '133', '20866', 0, 0, NULL, NULL, '0000-00-00 00:00:00'),
(55, '', '', 0, '', 'Lynn Prewett', 'M', NULL, '0000-00-00', '064 Farmco Pass', '1-(702)909-5785', '148', '71472', 0, 0, NULL, NULL, '0000-00-00 00:00:00'),
(56, '', '', 0, '', 'Mendie Pindell', 'F', NULL, '0000-00-00', '19918 Village Street', '299-(719)616-9751', '121', '91352', 0, 0, NULL, NULL, '0000-00-00 00:00:00'),
(57, '', '', 0, '', 'Allie Brayn', 'F', NULL, '0000-00-00', '49 Corry Circle', '886-(726)481-8304', '127', '16730', 0, 0, NULL, NULL, '0000-00-00 00:00:00'),
(58, '', '', 0, '', 'Ramona Meller', 'M', NULL, '0000-00-00', '385 Esch Terrace', '46-(609)669-3826', '101', '79989', 0, 0, NULL, NULL, '0000-00-00 00:00:00'),
(59, '', '', 0, '', 'Pate McFee', 'F', NULL, '0000-00-00', '5 Arrowood Hill', '62-(690)157-5469', '116', '87317', 0, 0, NULL, NULL, '0000-00-00 00:00:00'),
(60, '', '', 0, '', 'Prescott Benediktovich', 'M', NULL, '0000-00-00', '273 Algoma Trail', '46-(334)602-4521', '152', '38625', 0, 0, NULL, NULL, '0000-00-00 00:00:00'),
(61, '', '', 0, '', 'Hadlee McWhinnie', 'M', NULL, '0000-00-00', '2 Hintze Lane', '242-(452)480-0236', '150', '73944', 0, 0, NULL, NULL, '0000-00-00 00:00:00'),
(62, '', '', 0, '', 'Ediva Howood', 'M', NULL, '0000-00-00', '9 Meadow Vale Parkway', '33-(947)904-6565', '115', '83571', 0, 0, NULL, NULL, '0000-00-00 00:00:00'),
(63, '', '', 0, '', 'Babette Crozier', 'M', NULL, '0000-00-00', '1848 Northland Street', '61-(824)245-8989', '105', '89415', 0, 0, NULL, NULL, '0000-00-00 00:00:00'),
(64, '', '', 0, '', 'Justin Deinhard', 'F', NULL, '0000-00-00', '0535 Stuart Point', '62-(948)235-6916', '110', '67966', 0, 0, NULL, NULL, '0000-00-00 00:00:00'),
(65, '', '', 0, '', 'Cristy Ramelet', 'F', NULL, '0000-00-00', '4538 Scofield Trail', '254-(305)384-5672', '143', '43179', 0, 0, NULL, NULL, '0000-00-00 00:00:00'),
(66, '', '', 0, '', 'Ciel Grzeszczak', 'M', NULL, '0000-00-00', '9356 High Crossing Way', '86-(874)887-2646', '147', '47596', 0, 0, NULL, NULL, '0000-00-00 00:00:00'),
(67, '', '', 0, '', 'Merola Agass', 'F', NULL, '0000-00-00', '081 Derek Park', '33-(238)616-6434', '120', '38191', 0, 0, NULL, NULL, '0000-00-00 00:00:00'),
(68, '', '', 0, '', 'Hattie Capponeer', 'F', NULL, '0000-00-00', '951 Karstens Center', '55-(464)439-2226', '166', '76781', 0, 0, NULL, NULL, '0000-00-00 00:00:00'),
(69, '', '', 0, '', 'Janek Spellman', 'M', NULL, '0000-00-00', '5549 Ridge Oak Place', '81-(361)885-3086', '153', '61507', 0, 0, NULL, NULL, '0000-00-00 00:00:00'),
(70, '', '', 0, '', 'Mylo Huniwall', 'M', NULL, '0000-00-00', '53 Carey Park', '86-(994)596-4512', '121', '68325', 0, 0, NULL, NULL, '0000-00-00 00:00:00'),
(71, '', '', 0, '', 'Vonnie Davison', 'F', NULL, '0000-00-00', '25 Kingsford Hill', '62-(598)668-7742', '109', '80362', 0, 0, NULL, NULL, '0000-00-00 00:00:00'),
(72, '', '', 0, '', 'Stirling Ferby', 'M', NULL, '0000-00-00', '204 Shasta Park', '7-(613)814-6535', '168', '92868', 0, 0, NULL, NULL, '0000-00-00 00:00:00'),
(73, '', '', 0, '', 'Ola Stinton', 'M', NULL, '0000-00-00', '144 Gale Junction', '86-(990)998-1592', '105', '89100', 0, 0, NULL, NULL, '0000-00-00 00:00:00'),
(74, '', '', 0, '', 'Susan Bowle', 'M', NULL, '0000-00-00', '6 Division Street', '7-(926)721-1083', '130', '33317', 0, 0, NULL, NULL, '0000-00-00 00:00:00'),
(75, '', '', 0, '', 'Jerald Conyard', 'M', NULL, '0000-00-00', '8720 South Junction', '86-(116)896-0305', '152', '51750', 0, 0, NULL, NULL, '0000-00-00 00:00:00'),
(76, '', '', 0, '', 'Kelila Broom', 'F', NULL, '0000-00-00', '94 International Drive', '86-(711)379-4614', '123', '39646', 0, 0, NULL, NULL, '0000-00-00 00:00:00'),
(77, '', '', 0, '', 'Elladine Arons', 'M', NULL, '0000-00-00', '2 Donald Alley', '261-(533)512-1862', '128', '61736', 0, 0, NULL, NULL, '0000-00-00 00:00:00'),
(78, '', '', 0, '', 'Jereme Halliwell', 'M', NULL, '0000-00-00', '63 Dryden Road', '62-(597)261-3710', '167', '37611', 0, 0, NULL, NULL, '0000-00-00 00:00:00'),
(79, '', '', 0, '', 'Allie D''eathe', 'F', NULL, '0000-00-00', '8 Holy Cross Park', '63-(606)199-7987', '151', '73807', 0, 0, NULL, NULL, '0000-00-00 00:00:00'),
(80, '', '', 0, '', 'Zia Lannon', 'F', NULL, '0000-00-00', '20 Donald Avenue', '82-(857)778-4220', '117', '77115', 0, 0, NULL, NULL, '0000-00-00 00:00:00'),
(81, '', '', 0, '', 'Greggory Charlwood', 'M', NULL, '0000-00-00', '488 Drewry Way', '880-(990)715-0298', '140', '68356', 0, 0, NULL, NULL, '0000-00-00 00:00:00'),
(82, '', '', 0, '', 'Latashia Wasiel', 'M', NULL, '0000-00-00', '875 Boyd Point', '51-(348)471-3465', '161', '65564', 0, 0, NULL, NULL, '0000-00-00 00:00:00'),
(83, '', '', 0, '', 'Bard Eslemont', 'M', NULL, '0000-00-00', '1 Garrison Place', '86-(739)200-1387', '143', '13472', 0, 0, NULL, NULL, '0000-00-00 00:00:00'),
(84, '', '', 0, '', 'Jacobo Dutnall', 'M', NULL, '0000-00-00', '5 Iowa Trail', '7-(212)563-4714', '142', '81211', 0, 0, NULL, NULL, '0000-00-00 00:00:00'),
(85, '', '', 0, '', 'Reggis Hubeaux', 'M', NULL, '0000-00-00', '86 Northland Court', '504-(929)183-7505', '104', '94753', 0, 0, NULL, NULL, '0000-00-00 00:00:00'),
(86, '', '', 0, '', 'Aluino Sitford', 'M', NULL, '0000-00-00', '4791 Spohn Drive', '86-(397)623-3502', '141', '86525', 0, 0, NULL, NULL, '0000-00-00 00:00:00'),
(87, '', '', 0, '', 'Clovis Seyfart', 'M', NULL, '0000-00-00', '7401 Annamark Point', '86-(129)625-8303', '115', '81770', 0, 0, NULL, NULL, '0000-00-00 00:00:00'),
(88, '', '', 0, '', 'Archie Gowrie', 'F', NULL, '0000-00-00', '772 American Ash Park', '7-(354)147-3189', '114', '80827', 0, 0, NULL, NULL, '0000-00-00 00:00:00'),
(89, '', '', 0, '', 'Imelda Hekkert', 'F', NULL, '0000-00-00', '69 Clyde Gallagher Circle', '30-(662)147-5366', '165', '29356', 0, 0, NULL, NULL, '0000-00-00 00:00:00'),
(90, '', '', 0, '', 'Jo ann Boltwood', 'F', NULL, '0000-00-00', '3 John Wall Terrace', '92-(371)343-9982', '103', '95254', 0, 0, NULL, NULL, '0000-00-00 00:00:00'),
(91, '', '', 0, '', 'Tomasina Francescone', 'M', NULL, '0000-00-00', '20278 Chinook Drive', '966-(252)386-4442', '153', '91172', 0, 0, NULL, NULL, '0000-00-00 00:00:00'),
(92, '', '', 0, '', 'Dorita Haycock', 'M', NULL, '0000-00-00', '1 Longview Circle', '234-(260)410-7286', '156', '76271', 0, 0, NULL, NULL, '0000-00-00 00:00:00'),
(93, '', '', 0, '', 'Vina Gourdon', 'M', NULL, '0000-00-00', '966 Toban Junction', '46-(928)755-9768', '150', '44528', 0, 0, NULL, NULL, '0000-00-00 00:00:00'),
(94, '', '', 0, '', 'Tina Nicklin', 'M', NULL, '0000-00-00', '17194 Warrior Way', '86-(634)542-6810', '140', '31118', 0, 0, NULL, NULL, '0000-00-00 00:00:00'),
(95, '', '', 0, '', 'Manuel Bleaden', 'M', NULL, '0000-00-00', '1 Warbler Pass', '420-(312)805-1103', '144', '27270', 0, 0, NULL, NULL, '0000-00-00 00:00:00'),
(96, '', '', 0, '', 'Thornie Winsom', 'M', NULL, '0000-00-00', '37 Michigan Place', '7-(454)523-1348', '167', '40442', 0, 0, NULL, NULL, '0000-00-00 00:00:00'),
(97, '', '', 0, '', 'Manfred Jeanel', 'M', NULL, '0000-00-00', '11 Esch Terrace', '62-(677)922-8146', '149', '30975', 0, 0, NULL, NULL, '0000-00-00 00:00:00'),
(98, '', '', 0, '', 'Jerrilyn Kemell', 'F', NULL, '0000-00-00', '793 Elmside Court', '86-(109)479-8718', '147', '58048', 0, 0, NULL, NULL, '0000-00-00 00:00:00'),
(99, '', '', 0, '', 'Ernst Siward', 'F', NULL, '0000-00-00', '773 Village Green Lane', '212-(807)504-2231', '124', '34702', 0, 0, NULL, NULL, '0000-00-00 00:00:00'),
(100, '', '', 0, '', 'Devland Tregoning', 'M', NULL, '0000-00-00', '6 Westport Parkway', '63-(735)909-5682', '154', '56034', 0, 0, NULL, NULL, '0000-00-00 00:00:00'),
(101, '', '', 0, '', 'Sydney Janca', 'F', NULL, '0000-00-00', '3838 Lakewood Gardens Terrace', '55-(532)314-3480', '130', '53056', 0, 0, NULL, NULL, '0000-00-00 00:00:00'),
(102, '', '', 0, '', 'Sidonia Dunlop', 'M', NULL, '0000-00-00', '83 Northfield Avenue', '86-(885)183-2028', '117', '18398', 0, 0, NULL, NULL, '0000-00-00 00:00:00'),
(103, '', '', 0, '', 'Shurwood Bontoft', 'M', NULL, '0000-00-00', '17 Warbler Plaza', '86-(923)790-2672', '113', '84866', 0, 0, NULL, NULL, '0000-00-00 00:00:00'),
(104, '', '', 0, '', 'Arda Sabathe', 'M', NULL, '0000-00-00', '516 Sunbrook Circle', '7-(400)860-5909', '156', '34564', 0, 0, NULL, NULL, '0000-00-00 00:00:00'),
(105, '', '', 0, '', 'Candy Troop', 'F', NULL, '0000-00-00', '391 Meadow Valley Crossing', '62-(280)347-6169', '155', '47935', 0, 0, NULL, NULL, '0000-00-00 00:00:00'),
(106, '', '', 0, '', 'Boyd Rylstone', 'M', NULL, '0000-00-00', '53871 Little Fleur Drive', '62-(344)107-2732', '145', '45413', 0, 0, NULL, NULL, '0000-00-00 00:00:00'),
(107, '', '', 0, '', 'Tiffany Orris', 'F', NULL, '0000-00-00', '04 Oneill Lane', '1-(571)313-6969', '157', '60036', 0, 0, NULL, NULL, '0000-00-00 00:00:00'),
(108, '', '', 0, '', 'Moria Prescot', 'F', NULL, '0000-00-00', '6170 Birchwood Place', '380-(276)576-4054', '127', '35561', 0, 0, NULL, NULL, '0000-00-00 00:00:00'),
(109, '', '', 0, '', 'Diahann Dorbon', 'M', NULL, '0000-00-00', '02945 Mockingbird Parkway', '81-(831)138-8239', '137', '13915', 0, 0, NULL, NULL, '0000-00-00 00:00:00'),
(110, '', '', 0, '', 'Lorant Vollam', 'M', NULL, '0000-00-00', '15 Randy Park', '84-(828)326-6125', '160', '69415', 0, 0, NULL, NULL, '0000-00-00 00:00:00'),
(111, '', '', 0, '', 'Arly Sabine', 'F', NULL, '0000-00-00', '985 Hoard Alley', '63-(414)393-9405', '121', '35922', 0, 0, NULL, NULL, '0000-00-00 00:00:00'),
(112, '', '', 0, '', 'Ellissa Jamison', 'M', NULL, '0000-00-00', '17 Cambridge Road', '51-(770)750-9246', '146', '87204', 0, 0, NULL, NULL, '0000-00-00 00:00:00'),
(113, '', '', 0, '', 'Ambur McFall', 'F', NULL, '0000-00-00', '12665 Fuller Street', '1-(902)624-0046', '105', '87391', 0, 0, NULL, NULL, '0000-00-00 00:00:00'),
(114, '', '', 0, '', 'Eugene Bortoletti', 'M', NULL, '0000-00-00', '9 Anhalt Plaza', '86-(510)249-1187', '138', '54253', 0, 0, NULL, NULL, '0000-00-00 00:00:00'),
(115, '', '', 0, '', 'Babita Gomery', 'F', NULL, '0000-00-00', '16051 Pond Circle', '63-(798)319-5350', '143', '13240', 0, 0, NULL, NULL, '0000-00-00 00:00:00'),
(116, '', '', 0, '', 'Reube Deniscke', 'M', NULL, '0000-00-00', '196 Dahle Terrace', '62-(798)332-0651', '112', '26909', 0, 0, NULL, NULL, '0000-00-00 00:00:00'),
(117, '', '', 0, '', 'Ryley Fullstone', 'F', NULL, '0000-00-00', '122 Autumn Leaf Street', '82-(734)417-7306', '108', '46194', 0, 0, NULL, NULL, '0000-00-00 00:00:00'),
(118, '', '', 0, '', 'Corilla Strewther', 'M', NULL, '0000-00-00', '46231 7th Court', '86-(700)230-0506', '154', '43623', 0, 0, NULL, NULL, '0000-00-00 00:00:00'),
(119, '', '', 0, '', 'Madalena Wenban', 'M', NULL, '0000-00-00', '294 Trailsway Alley', '63-(383)822-9455', '107', '67366', 0, 0, NULL, NULL, '0000-00-00 00:00:00'),
(120, '', '', 0, '', 'Wynn Doog', 'F', NULL, '0000-00-00', '41 Bay Center', '31-(578)191-6376', '124', '92461', 0, 0, NULL, NULL, '0000-00-00 00:00:00'),
(121, '', '', 0, '', 'Winn Channing', 'F', NULL, '0000-00-00', '26 Rusk Way', '86-(143)441-1137', '115', '77298', 0, 0, NULL, NULL, '0000-00-00 00:00:00'),
(122, '', '', 0, '', 'Byrle Lamble', 'F', NULL, '0000-00-00', '5 New Castle Pass', '420-(156)731-1507', '125', '42002', 0, 0, NULL, NULL, '0000-00-00 00:00:00'),
(123, '', '', 0, '', 'Bailie Straneo', 'M', NULL, '0000-00-00', '10 Porter Terrace', '86-(381)389-2049', '117', '45351', 0, 0, NULL, NULL, '0000-00-00 00:00:00'),
(124, '', '', 0, '', 'Berny Garralts', 'M', NULL, '0000-00-00', '4253 Michigan Way', '380-(675)270-2838', '159', '87302', 0, 0, NULL, NULL, '0000-00-00 00:00:00'),
(125, '', '', 0, '', 'Nico Birchall', 'M', NULL, '0000-00-00', '55 Boyd Park', '49-(508)693-2850', '118', '47945', 0, 0, NULL, NULL, '0000-00-00 00:00:00'),
(126, '', '', 0, '', 'Bridgette Pearch', 'F', NULL, '0000-00-00', '415 Dunning Road', '380-(400)285-6909', '106', '69095', 0, 0, NULL, NULL, '0000-00-00 00:00:00'),
(127, '', '', 0, '', 'Reina Kincla', 'M', NULL, '0000-00-00', '341 Bayside Hill', '30-(999)457-8405', '106', '50500', 0, 0, NULL, NULL, '0000-00-00 00:00:00'),
(128, '', '', 0, '', 'Dougie Ronchetti', 'F', NULL, '0000-00-00', '2285 Derek Road', '60-(508)194-3293', '148', '77447', 0, 0, NULL, NULL, '0000-00-00 00:00:00'),
(129, '', '', 0, '', 'Udale Meininking', 'F', NULL, '0000-00-00', '5 Dorton Parkway', '86-(269)766-3274', '101', '50562', 0, 0, NULL, NULL, '0000-00-00 00:00:00'),
(130, '', '', 0, '', 'Craig Bullan', 'M', NULL, '0000-00-00', '61 Walton Point', '86-(552)439-0031', '113', '90047', 0, 0, NULL, NULL, '0000-00-00 00:00:00'),
(131, '', '', 0, '', 'Wilfred Haggith', 'M', NULL, '0000-00-00', '73452 5th Terrace', '81-(857)593-1822', '119', '57593', 0, 0, NULL, NULL, '0000-00-00 00:00:00');

/*!40101 SET CHARACTER_SET_CLIENT=@OLD_CHARACTER_SET_CLIENT */;
/*!40101 SET CHARACTER_SET_RESULTS=@OLD_CHARACTER_SET_RESULTS */;
/*!40101 SET COLLATION_CONNECTION=@OLD_COLLATION_CONNECTION */;
